refined_category,transaction_count,unique_users,year,month,quarter,month_sin,month_cos,quarter_sin,quarter_cos,time_index,is_year_start,is_year_end,is_quarter_end,is_summer,is_festive,is_monsoon,lag_1m,lag_1m_count,lag_2m,lag_2m_count,lag_3m,lag_3m_count,lag_6m,lag_6m_count,lag_12m,lag_12m_count,roll_mean_3m,roll_std_3m,roll_max_3m,roll_min_3m,roll_mean_6m,roll_std_6m,roll_max_6m,roll_min_6m,roll_mean_12m,roll_std_12m,roll_max_12m,roll_min_12m,mom_change,mom_pct_change,yoy_lag_12m,yoy_pct_change,ratio_to_3m_avg,cat_global_mean,cat_global_median,cat_global_std,cat_global_max,cat_global_min,cat_cv,cat_same_month_hist_avg,cat_education,cat_entertainment,cat_food,cat_health,cat_misc,cat_others,cat_rent,cat_travel,cat_utilities,category_label,total_amount
education,7,6,2022,1,1,0.49999999999999994,0.8660254037844387,1.0,6.123233995736766e-17,12,1,0,0,0,0,0,364876.0,16.0,575066.0,13.0,597815.0,13.0,279709.0,9.0,358686.0,12.0,512585.6666666667,128425.03054441264,597815.0,364876.0,437650.1666666667,124749.36726960447,597815.0,279709.0,464606.75,160397.72100972518,821757.0,239101.0,-210190.0,-0.3655058723694323,358686.0,-0.018056387496207082,0.7118341844647618,469532.7708333333,445826.0,180388.465546388,844242,179503,0.3841871680782327,307735.75,1,0,0,0,0,0,0,0,0,0,206310
education,11,10,2022,2,1,0.8660254037844386,0.5000000000000001,1.0,6.123233995736766e-17,13,0,0,0,0,0,0,206310.0,7.0,364876.0,16.0,575066.0,13.0,384228.0,14.0,521556.0,16.0,382084.0,184979.27811514452,575066.0,206310.0,425417.0,145249.42792038803,597815.0,206310.0,451908.75,174919.42386249267,821757.0,206310.0,-158566.0,-0.4345750337100823,521556.0,-0.4248172496278082,0.5399597994158211,469532.7708333333,445826.0,180388.465546388,844242,179503,0.3841871680782327,457043.75,1,0,0,0,0,0,0,0,0,0,594400
education,9,9,2022,3,1,1.0,6.123233995736766e-17,1.0,6.123233995736766e-17,14,0,0,1,0,0,0,594400.0,11.0,206310.0,7.0,364876.0,16.0,424207.0,17.0,454985.0,7.0,388528.6666666667,195123.16240091366,594400.0,206310.0,460445.6666666667,158103.54657206987,597815.0,206310.0,457979.0833333333,178777.58727254494,821757.0,206310.0,388090.0,1.8811012553923705,454985.0,0.1396666896747425,1.5298742435135237,469532.7708333333,445826.0,180388.465546388,844242,179503,0.3841871680782327,334818.0,1,0,0,0,0,0,0,0,0,0,476894
education,8,8,2022,4,2,0.8660254037844387,-0.4999999999999998,1.2246467991473532e-16,-1.0,15,0,0,0,1,0,0,476894.0,9.0,594400.0,11.0,206310.0,7.0,597815.0,13.0,553295.0,14.0,425868.0,199013.0687467534,594400.0,206310.0,469226.8333333333,157148.53519701248,597815.0,206310.0,459804.8333333333,178856.08536719903,821757.0,206310.0,-117506.0,-0.19768842530282638,553295.0,0.04815323582096109,1.1198164689527947,469532.7708333333,445826.0,180388.465546388,844242,179503,0.3841871680782327,501672.25,1,0,0,0,0,0,0,0,0,0,632156
education,14,14,2022,5,2,0.49999999999999994,-0.8660254037844387,1.2246467991473532e-16,-1.0,16,0,0,0,1,0,0,632156.0,8.0,476894.0,9.0,594400.0,11.0,575066.0,13.0,239101.0,7.0,567816.6666666666,80972.69520852891,632156.0,476894.0,474950.3333333333,163274.46622379957,632156.0,206310.0,466376.5833333333,183978.93916348062,821757.0,206310.0,155262.0,0.3255692040579248,239101.0,0.14252975356726516,1.1133100472570177,469532.7708333333,445826.0,180388.465546388,844242,179503,0.3841871680782327,491413.0,1,0,0,0,0,0,0,0,0,0,779588
education,11,11,2022,6,2,1.2246467991473532e-16,-1.0,1.2246467991473532e-16,-1.0,17,0,0,1,1,0,0,779588.0,14.0,632156.0,8.0,476894.0,9.0,364876.0,16.0,821757.0,18.0,629546.0,151363.87773838243,779588.0,476894.0,509037.3333333333,204500.45302117715,779588.0,206310.0,511417.1666666667,189361.15124272378,821757.0,206310.0,147432.0,0.2332209138250685,821757.0,2.2604966102191124,1.23833365631739,469532.7708333333,445826.0,180388.465546388,844242,179503,0.3841871680782327,490942.0,1,0,0,0,0,0,0,0,0,0,404779
education,13,10,2022,7,3,-0.4999999999999997,-0.8660254037844388,-1.0,-1.8369701987210297e-16,18,0,0,0,0,0,1,404779.0,11.0,779588.0,14.0,632156.0,8.0,206310.0,7.0,279709.0,9.0,605507.6666666666,188820.1442440221,779588.0,404779.0,515687.8333333333,199461.33037199636,779588.0,206310.0,476669.0,163764.17828861554,779588.0,206310.0,-374809.0,-0.48077830854246084,279709.0,-0.507422510547522,0.6684952516428253,469532.7708333333,445826.0,180388.465546388,844242,179503,0.3841871680782327,568978.25,1,0,0,0,0,0,0,0,0,0,420725
education,10,9,2022,8,3,-0.8660254037844384,-0.5000000000000004,-1.0,-1.8369701987210297e-16,19,0,0,0,0,0,1,420725.0,13.0,404779.0,11.0,779588.0,14.0,594400.0,11.0,384228.0,14.0,535030.6666666666,211942.88309432167,779588.0,404779.0,551423.6666666666,144613.35264859424,779588.0,404779.0,488420.3333333333,153055.28725109485,779588.0,206310.0,15946.0,0.03939433616862531,384228.0,0.5041525299507703,0.7863567945014843,469532.7708333333,445826.0,180388.465546388,844242,179503,0.3841871680782327,452582.75,1,0,0,0,0,0,0,0,0,0,185436
education,12,12,2022,9,3,-1.0,-1.8369701987210297e-16,-1.0,-1.8369701987210297e-16,20,0,0,1,0,0,1,185436.0,10.0,420725.0,13.0,404779.0,11.0,476894.0,9.0,424207.0,17.0,336980.0,131482.91402688008,420725.0,185436.0,483263.0,204347.6727853783,779588.0,185436.0,471854.3333333333,174599.64754693853,779588.0,185436.0,-235289.0,-0.559246538712936,424207.0,-0.5173803054436428,0.550287850911017,469532.7708333333,445826.0,180388.465546388,844242,179503,0.3841871680782327,419443.75,1,0,0,0,0,0,0,0,0,0,465862
education,13,11,2022,10,4,-0.8660254037844386,0.5000000000000001,-2.4492935982947064e-16,1.0,21,0,0,0,0,1,0,465862.0,12.0,185436.0,10.0,420725.0,13.0,632156.0,8.0,597815.0,13.0,357341.0,150575.0110775355,465862.0,185436.0,481424.3333333333,204466.0379296931,779588.0,185436.0,475325.5833333333,173979.21791381153,779588.0,185436.0,280426.0,1.5122522056127181,597815.0,0.09819498499553281,1.303690312614525,469532.7708333333,445826.0,180388.465546388,844242,179503,0.3841871680782327,536223.75,1,0,0,0,0,0,0,0,0,0,286439
education,10,9,2022,11,4,-0.5000000000000004,0.8660254037844384,-2.4492935982947064e-16,1.0,22,0,0,0,0,1,0,286439.0,13.0,465862.0,12.0,185436.0,10.0,779588.0,14.0,575066.0,13.0,312579.0,142028.7297309947,465862.0,185436.0,423804.8333333333,202193.47542926975,779588.0,185436.0,449377.5833333333,177239.2709010559,779588.0,185436.0,-179423.0,-0.3851419519085051,575066.0,-0.5208567867985916,0.9163731408699587,469532.7708333333,445826.0,180388.465546388,844242,179503,0.3841871680782327,573301.25,1,0,0,0,0,0,0,0,0,0,789666
education,12,10,2022,12,4,-2.4492935982947064e-16,1.0,-2.4492935982947064e-16,1.0,23,0,1,1,0,0,0,789666.0,10.0,286439.0,13.0,465862.0,12.0,404779.0,11.0,364876.0,16.0,513989.0,255042.17196181495,789666.0,286439.0,425484.5,205750.72852434823,789666.0,185436.0,467260.9166666667,200388.7621020965,789666.0,185436.0,503227.0,1.756838279703532,364876.0,0.3731745573551557,1.5363480541412065,469532.7708333333,445826.0,180388.465546388,844242,179503,0.3841871680782327,500238.75,1,0,0,0,0,0,0,0,0,0,844242
education,13,13,2023,1,1,0.49999999999999994,0.8660254037844387,1.0,6.123233995736766e-17,24,1,0,0,0,0,0,844242.0,12.0,789666.0,10.0,286439.0,13.0,420725.0,13.0,206310.0,7.0,640115.6666666666,307506.1354710396,844242.0,286439.0,498728.3333333333,266235.979082217,844242.0,185436.0,507208.0833333333,224457.92646424583,844242.0,185436.0,54576.0,0.0691127641306577,206310.0,1.31377783137285,1.3188897631521597,469532.7708333333,445826.0,180388.465546388,844242,179503,0.3841871680782327,307735.75,1,0,0,0,0,0,0,0,0,0,380390
education,14,14,2023,2,1,0.8660254037844386,0.5000000000000001,1.0,6.123233995736766e-17,25,0,0,0,0,0,0,380390.0,13.0,844242.0,12.0,789666.0,10.0,185436.0,10.0,594400.0,11.0,671432.6666666666,253523.1948152543,844242.0,380390.0,492005.8333333333,269093.39340713416,844242.0,185436.0,521714.75,208285.82142035017,844242.0,185436.0,-463852.0,-0.5494301396992806,594400.0,0.8437787795065679,0.566534842411591,469532.7708333333,445826.0,180388.465546388,844242,179503,0.3841871680782327,457043.75,1,0,0,0,0,0,0,0,0,0,275552
education,12,11,2023,3,1,1.0,6.123233995736766e-17,1.0,6.123233995736766e-17,26,0,0,1,0,0,0,275552.0,14.0,380390.0,13.0,844242.0,12.0,465862.0,12.0,476894.0,9.0,500061.3333333333,302643.3545302677,844242.0,275552.0,507025.1666666667,250427.62982100568,844242.0,275552.0,495144.0833333333,218268.75998658934,844242.0,185436.0,-104838.0,-0.27560661426430766,476894.0,-0.5364199192462988,0.5510364062008284,469532.7708333333,445826.0,180388.465546388,844242,179503,0.3841871680782327,334818.0,1,0,0,0,0,0,0,0,0,0,227890
education,13,13,2023,4,2,0.8660254037844387,-0.4999999999999998,1.2246467991473532e-16,-1.0,27,0,0,0,1,0,0,227890.0,12.0,275552.0,14.0,380390.0,13.0,286439.0,13.0,632156.0,8.0,294610.6666666667,78015.94120007286,380390.0,227890.0,467363.1666666667,275809.20158864657,844242.0,227890.0,474393.75,231591.04452819217,844242.0,185436.0,-47662.0,-0.17296916734409473,632156.0,-0.5221369948038768,0.7735293585205975,469532.7708333333,445826.0,180388.465546388,844242,179503,0.3841871680782327,501672.25,1,0,0,0,0,0,0,0,0,0,337288
education,16,15,2023,5,2,0.49999999999999994,-0.8660254037844387,1.2246467991473532e-16,-1.0,28,0,0,0,1,0,0,337288.0,13.0,227890.0,12.0,275552.0,14.0,789666.0,10.0,779588.0,14.0,280243.3333333333,54849.676911839866,337288.0,227890.0,475838.0,269855.01162809634,844242.0,227890.0,449821.4166666667,228958.51059941298,844242.0,185436.0,109398.0,0.4800473912852692,779588.0,-0.46644815520219696,1.2035540542147467,469532.7708333333,445826.0,180388.465546388,844242,179503,0.3841871680782327,491413.0,1,0,0,0,0,0,0,0,0,0,396762
education,13,12,2023,6,2,1.2246467991473532e-16,-1.0,1.2246467991473532e-16,-1.0,29,0,0,1,1,0,0,396762.0,16.0,337288.0,13.0,227890.0,12.0,844242.0,12.0,404779.0,11.0,320646.6666666667,85657.09881459468,396762.0,227890.0,410354.0,221875.96136580463,844242.0,227890.0,417919.25,204160.88101215442,844242.0,185436.0,59474.0,0.1763300206351841,404779.0,-0.491061945540465,1.2373807098155423,469532.7708333333,445826.0,180388.465546388,844242,179503,0.3841871680782327,490942.0,1,0,0,0,0,0,0,0,0,0,388357
education,15,13,2023,7,3,-0.4999999999999997,-0.8660254037844388,-1.0,-1.8369701987210297e-16,30,0,0,0,0,0,1,388357.0,13.0,396762.0,16.0,337288.0,13.0,380390.0,13.0,420725.0,13.0,374135.6666666667,32186.54859305766,396762.0,337288.0,334373.1666666667,68893.0481555775,396762.0,227890.0,416550.75,204311.9508007858,844242.0,185436.0,-8405.0,-0.021183984353340235,420725.0,-0.040570286502017106,1.0380111670721661,469532.7708333333,445826.0,180388.465546388,844242,179503,0.3841871680782327,568978.25,1,0,0,0,0,0,0,0,0,0,743033
education,18,18,2023,8,3,-0.8660254037844384,-0.5000000000000004,-1.0,-1.8369701987210297e-16,31,0,0,0,0,0,1,743033.0,15.0,388357.0,13.0,396762.0,16.0,275552.0,14.0,185436.0,10.0,509384.0,202389.6054816057,743033.0,388357.0,394813.6666666667,182591.48206273673,743033.0,227890.0,443409.75,225044.13108023742,844242.0,185436.0,354676.0,0.9132730966610618,185436.0,0.766077604135718,1.45868931886354,469532.7708333333,445826.0,180388.465546388,844242,179503,0.3841871680782327,452582.75,1,0,0,0,0,0,0,0,0,0,635572
education,14,14,2023,9,3,-1.0,-1.8369701987210297e-16,-1.0,-1.8369701987210297e-16,32,0,0,1,0,0,1,635572.0,18.0,743033.0,15.0,388357.0,13.0,227890.0,12.0,465862.0,12.0,588987.3333333334,181869.08648897256,743033.0,388357.0,454817.0,194338.40406672074,743033.0,227890.0,480921.0833333333,215445.44624080948,844242.0,227890.0,-107461.0,-0.14462480132107192,465862.0,2.427446666235251,1.0790928158047357,469532.7708333333,445826.0,180388.465546388,844242,179503,0.3841871680782327,419443.75,1,0,0,0,0,0,0,0,0,0,486165
education,15,15,2023,10,4,-0.8660254037844386,0.5000000000000001,-2.4492935982947064e-16,1.0,33,0,0,0,0,1,0,486165.0,14.0,635572.0,18.0,743033.0,15.0,337288.0,13.0,286439.0,13.0,621590.0,129003.54490865771,743033.0,486165.0,497862.8333333333,159503.1332901228,743033.0,337288.0,482613.0,215396.1498457288,844242.0,227890.0,-149407.0,-0.23507486169938263,286439.0,0.04358157565974463,0.78213130841872,469532.7708333333,445826.0,180388.465546388,844242,179503,0.3841871680782327,536223.75,1,0,0,0,0,0,0,0,0,0,636063
education,18,17,2023,11,4,-0.5000000000000004,0.8660254037844384,-2.4492935982947064e-16,1.0,34,0,0,0,0,1,0,636063.0,15.0,486165.0,14.0,635572.0,18.0,396762.0,16.0,789666.0,10.0,585933.3333333334,86402.25993765087,636063.0,486165.0,547658.6666666666,145357.15084531155,743033.0,388357.0,511748.3333333333,210027.43705929708,844242.0,227890.0,149898.0,0.3083274197031871,789666.0,1.2205879785923006,1.0855552395039068,469532.7708333333,445826.0,180388.465546388,844242,179503,0.3841871680782327,573301.25,1,0,0,0,0,0,0,0,0,0,608880
education,17,16,2023,12,4,-2.4492935982947064e-16,1.0,-2.4492935982947064e-16,1.0,35,0,1,1,0,0,0,608880.0,18.0,636063.0,15.0,486165.0,14.0,388357.0,13.0,844242.0,12.0,577036.0,79861.64819861941,636063.0,486165.0,583011.6666666666,125795.66486913073,743033.0,388357.0,496682.8333333333,194164.75366780345,844242.0,227890.0,-27183.0,-0.042736332721758696,844242.0,-0.22893983025734932,1.0551854650316261,469532.7708333333,445826.0,180388.465546388,844242,179503,0.3841871680782327,500238.75,1,0,0,0,0,0,0,0,0,0,484630
education,16,16,2024,1,1,0.49999999999999994,0.8660254037844387,1.0,6.123233995736766e-17,36,1,0,0,0,0,0,484630.0,17.0,608880.0,18.0,636063.0,15.0,743033.0,15.0,380390.0,13.0,576524.3333333334,80735.09302857945,636063.0,484630.0,599057.1666666666,99364.49180550691,743033.0,484630.0,466715.1666666667,160473.9092777352,743033.0,227890.0,-124250.0,-0.20406319800289052,380390.0,-0.4259584337192417,0.8406063230635392,469532.7708333333,445826.0,180388.465546388,844242,179503,0.3841871680782327,307735.75,1,0,0,0,0,0,0,0,0,0,285557
education,13,12,2024,2,1,0.8660254037844386,0.5000000000000001,1.0,6.123233995736766e-17,37,0,0,0,0,0,0,285557.0,16.0,484630.0,17.0,608880.0,18.0,635572.0,18.0,275552.0,14.0,459689.0,163098.07078258158,608880.0,285557.0,522811.1666666667,135675.42885786897,636063.0,285557.0,458812.4166666667,167301.42546991387,743033.0,227890.0,-199073.0,-0.4107731671584508,275552.0,-0.24930466100580984,0.6211960695165509,469532.7708333333,445826.0,180388.465546388,844242,179503,0.3841871680782327,457043.75,1,0,0,0,0,0,0,0,0,0,436667
education,12,12,2024,3,1,1.0,6.123233995736766e-17,1.0,6.123233995736766e-17,38,0,0,1,0,0,0,436667.0,13.0,285557.0,16.0,484630.0,17.0,486165.0,14.0,227890.0,12.0,402284.6666666667,103894.77112123254,484630.0,285557.0,489660.3333333333,126610.4698603819,636063.0,285557.0,472238.6666666667,157431.1698086924,743033.0,227890.0,151110.0,0.5291763115595136,227890.0,0.5846990767622808,1.085467670488698,469532.7708333333,445826.0,180388.465546388,844242,179503,0.3841871680782327,334818.0,1,0,0,0,0,0,0,0,0,0,179503
education,10,10,2024,4,2,0.8660254037844387,-0.4999999999999998,1.2246467991473532e-16,-1.0,39,0,0,0,1,0,0,179503.0,12.0,436667.0,13.0,285557.0,16.0,636063.0,15.0,337288.0,13.0,300575.6666666667,129238.15607371241,436667.0,179503.0,438550.0,179255.57866688565,636063.0,179503.0,468206.4166666667,164709.96455392754,743033.0,179503.0,-257164.0,-0.5889247412788234,337288.0,-0.21232612225196368,0.5971973779203484,469532.7708333333,445826.0,180388.465546388,844242,179503,0.3841871680782327,501672.25,1,0,0,0,0,0,0,0,0,0,483950
education,10,10,2024,5,2,0.49999999999999994,-0.8660254037844387,1.2246467991473532e-16,-1.0,40,0,0,0,1,0,0,483950.0,10.0,179503.0,12.0,436667.0,13.0,608880.0,18.0,396762.0,16.0,366706.6666666667,163837.8165514094,483950.0,179503.0,413197.8333333333,154826.47907824648,608880.0,179503.0,480428.25,159470.38674376052,743033.0,179503.0,304447.0,1.6960552191328278,396762.0,0.43482720998078794,1.3197196669453881,469532.7708333333,445826.0,180388.465546388,844242,179503,0.3841871680782327,491413.0,1,0,0,0,0,0,0,0,0,0,550201
education,13,13,2024,6,2,1.2246467991473532e-16,-1.0,1.2246467991473532e-16,-1.0,41,0,0,1,1,0,0,550201.0,10.0,483950.0,10.0,179503.0,12.0,484630.0,17.0,388357.0,13.0,404551.3333333333,197692.59723705714,550201.0,179503.0,403418.0,141252.02979355742,550201.0,179503.0,493214.8333333333,158299.2222526311,743033.0,179503.0,66251.0,0.13689637359231321,388357.0,0.38672806367545287,1.3600276520325885,469532.7708333333,445826.0,180388.465546388,844242,179503,0.3841871680782327,490942.0,1,0,0,0,0,0,0,0,0,0,348875
education,13,13,2024,7,3,-0.4999999999999997,-0.8660254037844388,-1.0,-1.8369701987210297e-16,42,0,0,0,0,0,1,348875.0,13.0,550201.0,10.0,483950.0,10.0,285557.0,16.0,743033.0,15.0,461008.6666666667,102604.91289569576,550201.0,348875.0,380792.1666666667,136432.15127295585,550201.0,179503.0,489924.6666666667,161062.94685299197,743033.0,179503.0,-201326.0,-0.3659135479579281,743033.0,-0.10166419042272956,0.7567645149114892,469532.7708333333,445826.0,180388.465546388,844242,179503,0.3841871680782327,568978.25,1,0,0,0,0,0,0,0,0,0,832446
education,19,19,2024,8,3,-0.8660254037844384,-0.5000000000000004,-1.0,-1.8369701987210297e-16,43,0,0,0,0,0,1,832446.0,13.0,348875.0,13.0,550201.0,10.0,436667.0,13.0,635572.0,18.0,577174.0,242911.2699258724,832446.0,348875.0,471940.3333333333,218239.39973310658,832446.0,179503.0,497375.75,175277.65324822377,832446.0,179503.0,483571.0,1.3860867072733787,635572.0,0.12033516680954959,1.4422791047413528,469532.7708333333,445826.0,180388.465546388,844242,179503,0.3841871680782327,452582.75,1,0,0,0,0,0,0,0,0,0,605095
education,13,13,2024,9,3,-1.0,-1.8369701987210297e-16,-1.0,-1.8369701987210297e-16,44,0,0,1,0,0,1,605095.0,19.0,832446.0,13.0,348875.0,13.0,179503.0,12.0,486165.0,14.0,595472.0,241929.0797051897,832446.0,348875.0,500011.6666666667,223562.13304552867,832446.0,179503.0,494836.0,173302.84642156976,832446.0,179503.0,-227351.0,-0.2731120096678944,486165.0,-0.04795208096014303,1.016160289652561,469532.7708333333,445826.0,180388.465546388,844242,179503,0.3841871680782327,419443.75,1,0,0,0,0,0,0,0,0,0,301541
education,10,10,2024,10,4,-0.8660254037844386,0.5000000000000001,-2.4492935982947064e-16,1.0,45,0,0,0,0,1,0,301541.0,13.0,605095.0,19.0,832446.0,13.0,483950.0,10.0,636063.0,15.0,579694.0,266362.4182518998,832446.0,301541.0,520351.3333333333,191876.37923274105,832446.0,301541.0,479450.6666666667,182113.82837981175,832446.0,179503.0,-303554.0,-0.5016633751724936,636063.0,-0.37975584420927055,0.5201727118100149,469532.7708333333,445826.0,180388.465546388,844242,179503,0.3841871680782327,536223.75,1,0,0,0,0,0,0,0,0,0,624578
education,17,17,2024,11,4,-0.5000000000000004,0.8660254037844384,-2.4492935982947064e-16,1.0,46,0,0,0,0,1,0,624578.0,10.0,301541.0,13.0,605095.0,19.0,550201.0,10.0,608880.0,18.0,510404.6666666667,181143.36935790206,624578.0,301541.0,543789.3333333334,195102.448190346,832446.0,301541.0,478493.5833333333,181244.04421184483,832446.0,179503.0,323037.0,1.071287154980583,608880.0,-0.018056387496207082,1.2236917896518469,469532.7708333333,445826.0,180388.465546388,844242,179503,0.3841871680782327,573301.25,1,0,0,0,0,0,0,0,0,0,319593
education,12,12,2024,12,4,-2.4492935982947064e-16,1.0,-2.4492935982947064e-16,1.0,47,0,1,1,0,0,0,319593.0,17.0,624578.0,10.0,301541.0,13.0,348875.0,13.0,484630.0,17.0,415237.3333333333,181518.8825338381,624578.0,301541.0,505354.6666666667,215260.01544612658,832446.0,301541.0,454386.3333333333,181563.4882415081,832446.0,179503.0,-304985.0,-0.48830570401134843,484630.0,-0.47511332282223095,0.7696634535109054,469532.7708333333,445826.0,180388.465546388,844242,179503,0.3841871680782327,500238.75,1,0,0,0,0,0,0,0,0,0,307207
entertainment,19,19,2022,1,1,0.49999999999999994,0.8660254037844387,1.0,6.123233995736766e-17,12,1,0,0,0,0,0,342500.0,16.0,785726.0,16.0,788594.0,15.0,515941.0,23.0,760589.0,17.0,638940.0,256728.5756514065,788594.0,342500.0,514441.0,227336.97620932676,788594.0,257022.0,533947.9166666666,211636.393369923,847811.0,257022.0,-443226.0,-0.5640974080022807,760589.0,0.0700044966434219,0.5360440729958911,570588.4166666666,519235.0,275819.8140719295,1535932,93281,0.4833953967787195,681221.75,0,1,0,0,0,0,0,0,0,1,850201
entertainment,13,13,2022,2,1,0.8660254037844386,0.5000000000000001,1.0,6.123233995736766e-17,13,0,0,0,0,0,0,850201.0,19.0,342500.0,16.0,785726.0,16.0,257022.0,12.0,517352.0,17.0,659475.6666666666,276395.43474944244,850201.0,342500.0,570151.0,265526.42307687574,850201.0,257022.0,541415.5833333334,221702.14098751274,850201.0,257022.0,507701.0,1.4823386861313868,517352.0,0.11781921642306159,1.289207537098898,570588.4166666666,519235.0,275819.8140719295,1535932,93281,0.4833953967787195,666496.5,0,1,0,0,0,0,0,0,0,1,691627
entertainment,23,23,2022,3,1,1.0,6.123233995736766e-17,1.0,6.123233995736766e-17,14,0,0,1,0,0,0,691627.0,13.0,850201.0,19.0,342500.0,16.0,396863.0,16.0,291945.0,11.0,628109.3333333334,259742.07751986064,850201.0,342500.0,642585.1666666666,218058.61766544954,850201.0,342500.0,555938.5,225655.34154687403,850201.0,257022.0,-158574.0,-0.18651354209181126,291945.0,0.336859623621828,1.1011251756594218,570588.4166666666,519235.0,275819.8140719295,1535932,93281,0.4833953967787195,620688.0,0,1,0,0,0,0,0,0,0,1,1535932
entertainment,19,18,2022,4,2,0.8660254037844387,-0.4999999999999998,1.2246467991473532e-16,-1.0,15,0,0,0,1,0,0,1535932.0,23.0,691627.0,13.0,850201.0,19.0,788594.0,15.0,381914.0,12.0,1025920.0,448743.36594204925,1535932.0,691627.0,832430.0,389664.1170716135,1535932.0,342500.0,659604.0833333334,346654.10043611814,1535932.0,257022.0,844305.0,1.2207519370990432,381914.0,4.261032043706862,1.497126481596991,570588.4166666666,519235.0,275819.8140719295,1535932,93281,0.4833953967787195,503884.5,0,1,0,0,0,0,0,0,0,1,629403
entertainment,22,21,2022,5,2,0.49999999999999994,-0.8660254037844387,1.2246467991473532e-16,-1.0,16,0,0,0,1,0,0,629403.0,19.0,1535932.0,23.0,691627.0,13.0,785726.0,16.0,521118.0,12.0,952320.6666666666,506378.9073809584,1535932.0,629403.0,805898.1666666666,398563.76137798425,1535932.0,342500.0,680228.1666666666,335824.06218051777,1535932.0,257022.0,-906529.0,-0.5902142803197017,521118.0,0.6480228533125258,0.6609149859186018,570588.4166666666,519235.0,275819.8140719295,1535932,93281,0.4833953967787195,751668.75,0,1,0,0,0,0,0,0,0,1,571338
entertainment,18,18,2022,6,2,1.2246467991473532e-16,-1.0,1.2246467991473532e-16,-1.0,17,0,0,1,1,0,0,571338.0,22.0,629403.0,19.0,1535932.0,23.0,342500.0,16.0,847811.0,18.0,912224.3333333334,540926.3592674453,1535932.0,571338.0,770166.8333333334,410174.7300375375,1535932.0,342500.0,684413.1666666666,333968.7874220457,1535932.0,257022.0,-58065.0,-0.09225408839805338,847811.0,0.09636972816137601,0.6263130450733359,570588.4166666666,519235.0,275819.8140719295,1535932,93281,0.4833953967787195,594168.0,0,1,0,0,0,0,0,0,0,1,786133
entertainment,15,15,2022,7,3,-0.4999999999999997,-0.8660254037844388,-1.0,-1.8369701987210297e-16,18,0,0,0,0,0,1,786133.0,18.0,571338.0,22.0,629403.0,19.0,850201.0,19.0,515941.0,23.0,662291.3333333334,111110.10241347665,786133.0,571338.0,844105.6666666666,353771.3491800414,1535932.0,571338.0,679273.3333333334,331692.3161618127,1535932.0,257022.0,214795.0,0.375950838207856,515941.0,-0.07274970482808074,1.1869897134896144,570588.4166666666,519235.0,275819.8140719295,1535932,93281,0.4833953967787195,504666.25,0,1,0,0,0,0,0,0,0,1,526470
entertainment,22,22,2022,8,3,-0.8660254037844384,-0.5000000000000004,-1.0,-1.8369701987210297e-16,19,0,0,0,0,0,1,526470.0,15.0,786133.0,18.0,571338.0,22.0,691627.0,13.0,257022.0,12.0,627980.3333333334,138789.35058689938,786133.0,526470.0,790150.5,376605.6667373715,1535932.0,526470.0,680150.75,331234.5897416142,1535932.0,257022.0,-259663.0,-0.3303041597286973,257022.0,0.020407372160770265,0.8383542796722269,570588.4166666666,519235.0,275819.8140719295,1535932,93281,0.4833953967787195,649078.5,0,1,0,0,0,0,0,0,0,1,450385
entertainment,17,17,2022,9,3,-1.0,-1.8369701987210297e-16,-1.0,-1.8369701987210297e-16,20,0,0,1,0,0,1,450385.0,22.0,526470.0,15.0,786133.0,18.0,1535932.0,23.0,396863.0,16.0,587662.6666666666,176040.01453173443,786133.0,450385.0,749943.5,401296.20953542547,1535932.0,450385.0,696264.3333333334,312979.5923984163,1535932.0,342500.0,-76085.0,-0.144519155887325,396863.0,0.7523208130043342,0.766400565403722,570588.4166666666,519235.0,275819.8140719295,1535932,93281,0.4833953967787195,314250.0,0,1,0,0,0,0,0,0,0,1,290729
entertainment,16,16,2022,10,4,-0.8660254037844386,0.5000000000000001,-2.4492935982947064e-16,1.0,21,0,0,0,0,1,0,290729.0,17.0,450385.0,22.0,526470.0,15.0,629403.0,19.0,788594.0,15.0,422528.0,120314.02290256906,526470.0,290729.0,542409.6666666666,167255.207361286,786133.0,290729.0,687419.8333333334,323531.3001372745,1535932.0,290729.0,-159656.0,-0.3544878270812749,788594.0,-0.2674323381116406,0.6880703764010743,570588.4166666666,519235.0,275819.8140719295,1535932,93281,0.4833953967787195,545532.75,0,1,0,0,0,0,0,0,0,1,255856
entertainment,16,14,2022,11,4,-0.5000000000000004,0.8660254037844384,-2.4492935982947064e-16,1.0,22,0,0,0,0,1,0,255856.0,16.0,290729.0,17.0,450385.0,22.0,571338.0,22.0,785726.0,16.0,332323.3333333333,103720.53501758091,450385.0,255856.0,480151.8333333333,195530.2835444341,786133.0,255856.0,643025.0,344272.33397862647,1535932.0,255856.0,-34873.0,-0.11995019416707653,785726.0,-0.675554214209086,0.7699007994222262,570588.4166666666,519235.0,275819.8140719295,1535932,93281,0.4833953967787195,614207.75,0,1,0,0,0,0,0,0,0,1,378936
entertainment,21,20,2022,12,4,-2.4492935982947064e-16,1.0,-2.4492935982947064e-16,1.0,23,0,1,1,0,0,0,378936.0,16.0,255856.0,16.0,290729.0,17.0,786133.0,18.0,342500.0,16.0,308507.0,63436.69728950183,378936.0,255856.0,448084.8333333333,193349.64799907655,786133.0,255856.0,609125.8333333334,348939.6173194735,1535932.0,255856.0,123080.0,0.4810518416609342,342500.0,-0.5177250084635101,1.228289795693413,570588.4166666666,519235.0,275819.8140719295,1535932,93281,0.4833953967787195,401198.25,0,1,0,0,0,0,0,0,0,1,665844
entertainment,23,18,2023,1,1,0.49999999999999994,0.8660254037844387,1.0,6.123233995736766e-17,24,1,0,0,0,0,0,665844.0,21.0,378936.0,16.0,255856.0,16.0,526470.0,15.0,850201.0,19.0,433545.3333333333,210378.64554496316,665844.0,255856.0,428036.6666666667,153395.79503189394,665844.0,255856.0,636071.1666666666,338816.4460768567,1535932.0,255856.0,286908.0,0.7571410475647602,850201.0,0.9440700729927007,1.5358117105784816,570588.4166666666,519235.0,275819.8140719295,1535932,93281,0.4833953967787195,681221.75,0,1,0,0,0,0,0,0,0,1,651818
entertainment,18,16,2023,2,1,0.8660254037844386,0.5000000000000001,1.0,6.123233995736766e-17,25,0,0,0,0,0,0,651818.0,23.0,665844.0,21.0,378936.0,16.0,450385.0,22.0,691627.0,13.0,565532.6666666666,161749.55696178362,665844.0,378936.0,448928.0,176307.4739504827,665844.0,255856.0,619539.25,332193.6936988652,1535932.0,255856.0,-14026.0,-0.021064994202846354,691627.0,-0.23333658746578745,1.152573561916238,570588.4166666666,519235.0,275819.8140719295,1535932,93281,0.4833953967787195,666496.5,0,1,0,0,0,0,0,0,0,1,740044
entertainment,14,13,2023,3,1,1.0,6.123233995736766e-17,1.0,6.123233995736766e-17,26,0,0,1,0,0,0,740044.0,18.0,651818.0,23.0,665844.0,21.0,290729.0,17.0,1535932.0,23.0,685902.0,47409.9071081135,740044.0,651818.0,497204.5,212689.5891892693,740044.0,255856.0,623574.0,333440.54288692505,1535932.0,255856.0,88226.0,0.13535373371094384,1535932.0,0.0700044966434219,1.0789354747471056,570588.4166666666,519235.0,275819.8140719295,1535932,93281,0.4833953967787195,620688.0,0,1,0,0,0,0,0,0,0,1,251596
entertainment,15,14,2023,4,2,0.8660254037844387,-0.4999999999999998,1.2246467991473532e-16,-1.0,27,0,0,0,1,0,0,251596.0,14.0,740044.0,18.0,651818.0,23.0,255856.0,16.0,629403.0,19.0,547819.3333333334,260302.04412822673,740044.0,251596.0,490682.3333333333,220735.35193590264,740044.0,251596.0,516546.0,188660.14440594686,786133.0,251596.0,-488448.0,-0.6600256200982644,629403.0,-0.8361932689728452,0.45926820156036,570588.4166666666,519235.0,275819.8140719295,1535932,93281,0.4833953967787195,503884.5,0,1,0,0,0,0,0,0,0,1,344492
entertainment,14,13,2023,5,2,0.49999999999999994,-0.8660254037844387,1.2246467991473532e-16,-1.0,28,0,0,0,1,0,0,344492.0,15.0,251596.0,14.0,740044.0,18.0,378936.0,16.0,571338.0,22.0,445377.3333333333,259381.47589473944,740044.0,251596.0,505455.0,204225.020319255,740044.0,251596.0,492803.4166666667,191078.39996544886,786133.0,251596.0,92896.0,0.36922685575287373,571338.0,-0.45266863996517337,0.7734834582211764,570588.4166666666,519235.0,275819.8140719295,1535932,93281,0.4833953967787195,751668.75,0,1,0,0,0,0,0,0,0,1,581209
entertainment,16,15,2023,6,2,1.2246467991473532e-16,-1.0,1.2246467991473532e-16,-1.0,29,0,0,1,1,0,0,581209.0,14.0,344492.0,15.0,251596.0,14.0,665844.0,21.0,786133.0,18.0,392432.3333333333,169955.55040166623,581209.0,251596.0,539167.1666666666,195679.2501461685,740044.0,251596.0,493626.0,191468.0725656369,786133.0,251596.0,236717.0,0.6871480324651951,786133.0,0.017276988402661786,1.4810425916314707,570588.4166666666,519235.0,275819.8140719295,1535932,93281,0.4833953967787195,594168.0,0,1,0,0,0,0,0,0,0,1,485057
entertainment,13,13,2023,7,3,-0.4999999999999997,-0.8660254037844388,-1.0,-1.8369701987210297e-16,30,0,0,0,0,0,1,485057.0,16.0,581209.0,14.0,344492.0,15.0,651818.0,23.0,526470.0,15.0,470252.6666666667,119050.87457189595,581209.0,344492.0,509036.0,185949.13901064487,740044.0,251596.0,468536.3333333333,167933.8173650199,740044.0,251596.0,-96152.0,-0.16543446505473935,526470.0,-0.3829835409529939,1.0314816573784937,570588.4166666666,519235.0,275819.8140719295,1535932,93281,0.4833953967787195,504666.25,0,1,0,0,0,0,0,0,0,1,442479
entertainment,15,15,2023,8,3,-0.8660254037844384,-0.5000000000000004,-1.0,-1.8369701987210297e-16,31,0,0,0,0,0,1,442479.0,13.0,485057.0,16.0,581209.0,14.0,740044.0,18.0,450385.0,22.0,502915.0,71068.1669103683,581209.0,442479.0,474146.1666666667,172988.29058571218,740044.0,251596.0,461537.0833333333,167047.689990536,740044.0,251596.0,-42578.0,-0.08777937438280448,450385.0,-0.15953615590631942,0.8798285992662601,570588.4166666666,519235.0,275819.8140719295,1535932,93281,0.4833953967787195,649078.5,0,1,0,0,0,0,0,0,0,1,897689
entertainment,10,10,2023,9,3,-1.0,-1.8369701987210297e-16,-1.0,-1.8369701987210297e-16,32,0,0,1,0,0,1,897689.0,15.0,442479.0,13.0,485057.0,16.0,251596.0,14.0,290729.0,17.0,608408.3333333334,251427.32469111885,897689.0,442479.0,500420.3333333333,225463.8003278282,897689.0,251596.0,498812.4166666667,208976.93604600063,897689.0,251596.0,455210.0,1.0287719869191534,290729.0,0.9931591860297302,1.475471243271353,570588.4166666666,519235.0,275819.8140719295,1535932,93281,0.4833953967787195,314250.0,0,1,0,0,0,0,0,0,0,1,406127
entertainment,20,19,2023,10,4,-0.8660254037844386,0.5000000000000001,-2.4492935982947064e-16,1.0,33,0,0,0,0,1,0,406127.0,10.0,897689.0,15.0,442479.0,13.0,344492.0,15.0,255856.0,16.0,582098.3333333334,273913.2502113275,897689.0,406127.0,526175.5,198578.6184278159,897689.0,344492.0,508428.9166666667,201035.30017815204,897689.0,251596.0,-491562.0,-0.5475860793660166,255856.0,0.39692634721682385,0.697694833919801,570588.4166666666,519235.0,275819.8140719295,1535932,93281,0.4833953967787195,545532.75,0,1,0,0,0,0,0,0,0,1,669288
entertainment,12,11,2023,11,4,-0.5000000000000004,0.8660254037844384,-2.4492935982947064e-16,1.0,34,0,0,0,0,1,0,669288.0,20.0,406127.0,10.0,897689.0,15.0,581209.0,14.0,378936.0,16.0,657701.3333333334,245985.7477463548,897689.0,406127.0,580308.1666666666,182788.1606476928,897689.0,406127.0,542881.5833333334,188873.6573063199,897689.0,251596.0,263161.0,0.6479771106082579,378936.0,1.6158776811956725,1.0176169122357308,570588.4166666666,519235.0,275819.8140719295,1535932,93281,0.4833953967787195,614207.75,0,1,0,0,0,0,0,0,0,1,487855
entertainment,26,26,2023,12,4,-2.4492935982947064e-16,1.0,-2.4492935982947064e-16,1.0,35,0,1,1,0,0,0,487855.0,12.0,669288.0,20.0,406127.0,10.0,485057.0,16.0,665844.0,21.0,521090.0,134691.69201921835,669288.0,406127.0,564749.1666666666,186628.958098594,897689.0,406127.0,551958.1666666666,182798.19992789536,897689.0,251596.0,-181433.0,-0.2710835992876012,665844.0,0.28743376190174597,0.9362202306703077,570588.4166666666,519235.0,275819.8140719295,1535932,93281,0.4833953967787195,401198.25,0,1,0,0,0,0,0,0,0,1,503168
entertainment,12,12,2024,1,1,0.49999999999999994,0.8660254037844387,1.0,6.123233995736766e-17,36,1,0,0,0,0,0,503168.0,26.0,487855.0,12.0,669288.0,20.0,442479.0,13.0,651818.0,23.0,553437.0,100621.63108894613,669288.0,487855.0,567767.6666666666,185223.41677624555,897689.0,406127.0,538401.8333333334,179588.47100920553,897689.0,251596.0,15313.0,0.03138842483934767,651818.0,-0.24431548530887115,0.9091694266917298,570588.4166666666,519235.0,275819.8140719295,1535932,93281,0.4833953967787195,681221.75,0,1,0,0,0,0,0,0,0,1,462279
entertainment,20,19,2024,2,1,0.8660254037844386,0.5000000000000001,1.0,6.123233995736766e-17,37,0,0,0,0,0,0,462279.0,12.0,503168.0,26.0,487855.0,12.0,897689.0,15.0,740044.0,18.0,484434.0,20658.049544910322,503168.0,462279.0,571067.6666666666,182704.04451534935,897689.0,406127.0,522606.9166666667,177023.34573745728,897689.0,251596.0,-40889.0,-0.08126311689137622,740044.0,-0.2907851578201277,0.954266215831239,570588.4166666666,519235.0,275819.8140719295,1535932,93281,0.4833953967787195,666496.5,0,1,0,0,0,0,0,0,0,1,716963
entertainment,11,10,2024,3,1,1.0,6.123233995736766e-17,1.0,6.123233995736766e-17,38,0,0,1,0,0,0,716963.0,20.0,462279.0,12.0,503168.0,26.0,406127.0,10.0,251596.0,14.0,560803.3333333334,136774.8467384749,716963.0,462279.0,540946.6666666666,123340.29711763619,716963.0,406127.0,520683.5,174554.2171144958,897689.0,251596.0,254684.0,0.5509313639598596,251596.0,-0.031188686078125083,1.2784570942873388,570588.4166666666,519235.0,275819.8140719295,1535932,93281,0.4833953967787195,620688.0,0,1,0,0,0,0,0,0,0,1,403279
entertainment,10,9,2024,4,2,0.8660254037844387,-0.4999999999999998,1.2246467991473532e-16,-1.0,39,0,0,0,1,0,0,403279.0,11.0,716963.0,20.0,462279.0,12.0,669288.0,20.0,344492.0,15.0,527507.0,166704.62486685833,716963.0,403279.0,540472.0,123966.79921656486,716963.0,403279.0,533323.75,158004.41442632084,897689.0,344492.0,-313684.0,-0.43751769617121106,344492.0,0.6028831936914736,0.7644998075854772,570588.4166666666,519235.0,275819.8140719295,1535932,93281,0.4833953967787195,503884.5,0,1,0,0,0,0,0,0,0,1,659729
entertainment,21,18,2024,5,2,0.49999999999999994,-0.8660254037844387,1.2246467991473532e-16,-1.0,40,0,0,0,1,0,0,659729.0,10.0,403279.0,11.0,716963.0,20.0,487855.0,12.0,581209.0,14.0,593323.6666666666,167052.8784107993,716963.0,403279.0,538878.8333333334,122026.45422434749,716963.0,403279.0,559593.5,149744.93617147795,897689.0,403279.0,256450.0,0.6359121104743861,581209.0,0.9150778537672863,1.1119209245543702,570588.4166666666,519235.0,275819.8140719295,1535932,93281,0.4833953967787195,751668.75,0,1,0,0,0,0,0,0,0,1,1333010
entertainment,8,8,2024,6,2,1.2246467991473532e-16,-1.0,1.2246467991473532e-16,-1.0,41,0,0,1,1,0,0,1333010.0,21.0,659729.0,10.0,403279.0,11.0,503168.0,26.0,485057.0,16.0,798672.6666666666,480186.3596254409,1333010.0,403279.0,679738.0,341597.8123325734,1333010.0,403279.0,622243.5833333334,269218.47537758027,1333010.0,403279.0,673281.0,1.0205417679077318,485057.0,1.2935123165677065,1.669031701765158,570588.4166666666,519235.0,275819.8140719295,1535932,93281,0.4833953967787195,594168.0,0,1,0,0,0,0,0,0,0,1,257671
entertainment,11,11,2024,7,3,-0.4999999999999997,-0.8660254037844388,-1.0,-1.8369701987210297e-16,42,0,0,0,0,0,1,257671.0,8.0,1333010.0,21.0,659729.0,10.0,462279.0,12.0,442479.0,13.0,750136.6666666666,543340.2717214447,1333010.0,257671.0,638821.8333333334,379569.2607081963,1333010.0,257671.0,603294.75,287156.71565228025,1333010.0,257671.0,-1075339.0,-0.8066998747196195,442479.0,-0.46878201943276765,0.3434987402295536,570588.4166666666,519235.0,275819.8140719295,1535932,93281,0.4833953967787195,504666.25,0,1,0,0,0,0,0,0,0,1,533775
entertainment,19,19,2024,8,3,-0.8660254037844384,-0.5000000000000004,-1.0,-1.8369701987210297e-16,43,0,0,0,0,0,1,533775.0,11.0,257671.0,8.0,1333010.0,21.0,716963.0,20.0,897689.0,15.0,708152.0,558474.7038380521,1333010.0,257671.0,650737.8333333334,373999.9030023493,1333010.0,257671.0,610902.75,283697.2590969353,1333010.0,257671.0,276104.0,1.0715369599217608,897689.0,0.20632843592577266,0.7537576678453107,570588.4166666666,519235.0,275819.8140719295,1535932,93281,0.4833953967787195,649078.5,0,1,0,0,0,0,0,0,0,1,991218
entertainment,9,8,2024,9,3,-1.0,-1.8369701987210297e-16,-1.0,-1.8369701987210297e-16,44,0,0,1,0,0,1,991218.0,19.0,533775.0,11.0,257671.0,8.0,403279.0,11.0,406127.0,10.0,594221.3333333334,370490.3773545723,991218.0,257671.0,696447.0,399595.95616522455,1333010.0,257671.0,618696.8333333334,293410.9507753226,1333010.0,257671.0,457443.0,0.8569959252494028,406127.0,0.10418864439689024,1.668095614204331,570588.4166666666,519235.0,275819.8140719295,1535932,93281,0.4833953967787195,314250.0,0,1,0,0,0,0,0,0,0,1,163281
entertainment,19,16,2024,10,4,-0.8660254037844386,0.5000000000000001,-2.4492935982947064e-16,1.0,45,0,0,0,0,1,0,163281.0,9.0,991218.0,19.0,533775.0,11.0,659729.0,10.0,669288.0,20.0,562758.0,414728.74232322024,991218.0,163281.0,656447.3333333334,444320.44928167184,1333010.0,163281.0,598459.6666666666,316844.23741509253,1333010.0,163281.0,-827937.0,-0.8352723618820481,669288.0,-0.5979558118519577,0.2901442538355689,570588.4166666666,519235.0,275819.8140719295,1535932,93281,0.4833953967787195,545532.75,0,1,0,0,0,0,0,0,0,1,468393
entertainment,14,13,2024,11,4,-0.5000000000000004,0.8660254037844384,-2.4492935982947064e-16,1.0,46,0,0,0,0,1,0,468393.0,19.0,163281.0,9.0,991218.0,19.0,1333010.0,21.0,487855.0,12.0,540964.0,418712.11055210716,991218.0,163281.0,624558.0,450855.9401218975,1333010.0,163281.0,581718.4166666666,318066.66399170255,1333010.0,163281.0,305112.0,1.868631377808808,487855.0,-0.3001622619858716,0.8658487440938608,570588.4166666666,519235.0,275819.8140719295,1535932,93281,0.4833953967787195,614207.75,0,1,0,0,0,0,0,0,0,1,804314
entertainment,4,4,2024,12,4,-2.4492935982947064e-16,1.0,-2.4492935982947064e-16,1.0,47,0,1,1,0,0,0,804314.0,14.0,468393.0,19.0,163281.0,9.0,257671.0,8.0,503168.0,26.0,478662.6666666667,320639.87012274907,804314.0,163281.0,536442.0,316283.6702114101,991218.0,163281.0,608090.0,322662.6944112493,1333010.0,163281.0,335921.0,0.7171776691795138,503168.0,0.648674298715807,1.6803357688225455,570588.4166666666,519235.0,275819.8140719295,1535932,93281,0.4833953967787195,401198.25,0,1,0,0,0,0,0,0,0,1,93281
food,48,39,2022,1,1,0.49999999999999994,0.8660254037844387,1.0,6.123233995736766e-17,12,1,0,0,0,0,0,1132901.0,43.0,1355300.0,48.0,1758359.0,55.0,1856813.0,51.0,2939566.0,68.0,1415520.0,317047.73101380275,1758359.0,1132901.0,1546234.0,288618.29194283625,1856813.0,1132901.0,1780598.25,536016.3172462239,2939566.0,1132901.0,-222399.0,-0.1640957721537667,2939566.0,-0.0018749220425853252,0.8003426302701424,1754168.0,1754073.0,480797.54107586254,2939566,724284,0.2740886511872636,2040753.75,0,0,1,0,0,0,0,0,0,2,1882612
food,39,39,2022,2,1,0.8660254037844386,0.5000000000000001,1.0,6.123233995736766e-17,13,0,0,0,0,0,0,1882612.0,48.0,1132901.0,43.0,1355300.0,48.0,1407544.0,45.0,2412588.0,60.0,1456937.6666666667,385051.0451152339,1882612.0,1132901.0,1550533.8333333333,294306.8142136144,1882612.0,1132901.0,1692518.75,397097.7662653517,2412588.0,1132901.0,749711.0,0.6617621486784813,2412588.0,-0.35956124135331546,1.2921705870280795,1754168.0,1754073.0,480797.54107586254,2939566,724284,0.2740886511872636,1696820.75,0,0,1,0,0,0,0,0,0,2,1341030
food,55,48,2022,3,1,1.0,6.123233995736766e-17,1.0,6.123233995736766e-17,14,0,0,1,0,0,0,1341030.0,39.0,1882612.0,48.0,1132901.0,43.0,1766487.0,52.0,1289412.0,56.0,1452181.0,387017.5118531468,1882612.0,1132901.0,1539448.1666666667,301924.13489975745,1882612.0,1132901.0,1603222.25,336277.91987313796,2107376.0,1132901.0,-541582.0,-0.28767584611167885,1289412.0,-0.4441529179453765,0.9234592657526788,1754168.0,1754073.0,480797.54107586254,2939566,724284,0.2740886511872636,1631563.0,0,0,1,0,0,0,0,0,0,2,2073413
food,44,38,2022,4,2,0.8660254037844387,-0.4999999999999998,1.2246467991473532e-16,-1.0,15,0,0,0,1,0,0,2073413.0,55.0,1341030.0,39.0,1882612.0,48.0,1758359.0,55.0,1283479.0,47.0,1765685.0,379934.41166733025,2073413.0,1341030.0,1590602.5,367059.1594436791,2073413.0,1132901.0,1668555.6666666667,345791.8761489432,2107376.0,1132901.0,732383.0,0.546134687516312,1283479.0,0.6080298616733828,1.1742825022583236,1754168.0,1754073.0,480797.54107586254,2939566,724284,0.2740886511872636,1828033.5,0,0,1,0,0,0,0,0,0,2,1537888
food,59,47,2022,5,2,0.49999999999999994,-0.8660254037844387,1.2246467991473532e-16,-1.0,16,0,0,0,1,0,0,1537888.0,44.0,2073413.0,55.0,1341030.0,39.0,1355300.0,48.0,2107376.0,49.0,1650777.0,379017.3603055676,2073413.0,1341030.0,1553857.3333333333,357826.0650750123,2073413.0,1132901.0,1689756.4166666667,327343.1027379122,2107376.0,1132901.0,-535525.0,-0.25828187630732513,2107376.0,0.19821828015884946,0.9316146275359971,1754168.0,1754073.0,480797.54107586254,2939566,724284,0.2740886511872636,1674950.75,0,0,1,0,0,0,0,0,0,2,1739989
food,56,48,2022,6,2,1.2246467991473532e-16,-1.0,1.2246467991473532e-16,-1.0,17,0,0,1,1,0,0,1739989.0,59.0,1537888.0,44.0,2073413.0,55.0,1132901.0,43.0,2057354.0,54.0,1783763.3333333333,270432.8023748852,2073413.0,1537888.0,1617972.1666666667,349500.5510241248,2073413.0,1132901.0,1659140.8333333333,300840.9432878666,2073413.0,1132901.0,202101.0,0.13141464137830594,2057354.0,-0.1743338635345567,0.9754595620868932,1754168.0,1754073.0,480797.54107586254,2939566,724284,0.2740886511872636,1962571.0,0,0,1,0,0,0,0,0,0,2,1813964
food,50,45,2022,7,3,-0.4999999999999997,-0.8660254037844388,-1.0,-1.8369701987210297e-16,18,0,0,0,0,0,1,1813964.0,56.0,1739989.0,59.0,1537888.0,44.0,1882612.0,48.0,1856813.0,51.0,1697280.3333333333,142907.35495534787,1813964.0,1537888.0,1731482.6666666667,259447.1569207626,2073413.0,1341030.0,1638858.3333333333,278962.0263986198,2073413.0,1132901.0,73975.0,0.042514636586783006,1856813.0,-0.11830244090224629,1.0687474333939273,1754168.0,1754073.0,480797.54107586254,2939566,724284,0.2740886511872636,1875678.0,0,0,1,0,0,0,0,0,0,2,1778856
food,45,39,2022,8,3,-0.8660254037844384,-0.5000000000000004,-1.0,-1.8369701987210297e-16,19,0,0,0,0,0,1,1778856.0,50.0,1813964.0,56.0,1739989.0,59.0,1341030.0,39.0,1407544.0,45.0,1777603.0,37003.41420734538,1813964.0,1739989.0,1714190.0,250668.73581122985,2073413.0,1341030.0,1632361.9166666667,274293.57243868156,2073413.0,1132901.0,-35108.0,-0.01935429810073408,1407544.0,-0.04198430321200897,1.000704881798686,1754168.0,1754073.0,480797.54107586254,2939566,724284,0.2740886511872636,1654871.5,0,0,1,0,0,0,0,0,0,2,1159043
food,53,43,2022,9,3,-1.0,-1.8369701987210297e-16,-1.0,-1.8369701987210297e-16,20,0,0,1,0,0,1,1159043.0,45.0,1778856.0,50.0,1813964.0,56.0,2073413.0,55.0,1766487.0,52.0,1583954.3333333333,368402.46173489926,1813964.0,1159043.0,1683858.8333333333,309061.1601436952,2073413.0,1159043.0,1611653.5,300899.8990396822,2073413.0,1132901.0,-619813.0,-0.34843348758977677,1766487.0,-0.1765493654194824,0.7317401617007852,1754168.0,1754073.0,480797.54107586254,2939566,724284,0.2740886511872636,1569991.75,0,0,1,0,0,0,0,0,0,2,1684976
food,51,45,2022,10,4,-0.8660254037844386,0.5000000000000001,-2.4492935982947064e-16,1.0,21,0,0,0,0,1,0,1684976.0,53.0,1159043.0,45.0,1778856.0,50.0,1537888.0,44.0,1758359.0,55.0,1540958.3333333333,334062.65127417934,1778856.0,1159043.0,1619119.3333333333,245232.78152781056,1813964.0,1159043.0,1604860.9166666667,297992.88394293713,2073413.0,1132901.0,525933.0,0.45376487326182025,1758359.0,-0.046142994542275106,1.093459805856738,1754168.0,1754073.0,480797.54107586254,2939566,724284,0.2740886511872636,1639010.25,0,0,1,0,0,0,0,0,0,2,2121670
food,57,45,2022,11,4,-0.5000000000000004,0.8660254037844384,-2.4492935982947064e-16,1.0,22,0,0,0,0,1,0,2121670.0,51.0,1684976.0,53.0,1159043.0,45.0,1739989.0,59.0,1355300.0,48.0,1655229.6666666667,482002.4051209017,2121670.0,1159043.0,1716416.3333333333,313002.87266328215,2121670.0,1159043.0,1635136.8333333333,331570.3327494878,2121670.0,1132901.0,436694.0,0.2591692700667547,1355300.0,0.2066193536132268,1.2817979539193778,1754168.0,1754073.0,480797.54107586254,2939566,724284,0.2740886511872636,1868808.75,0,0,1,0,0,0,0,0,0,2,1673706
food,47,40,2022,12,4,-2.4492935982947064e-16,1.0,-2.4492935982947064e-16,1.0,23,0,1,1,0,0,0,1673706.0,57.0,2121670.0,51.0,1684976.0,53.0,1813964.0,56.0,1132901.0,43.0,1826784.0,255440.92853730463,2121670.0,1673706.0,1705369.1666666667,313174.15413435193,2121670.0,1159043.0,1661670.6666666667,319667.17588862026,2121670.0,1132901.0,-447964.0,-0.2111374530440644,1132901.0,0.23493396296023028,0.9162035577276738,1754168.0,1754073.0,480797.54107586254,2939566,724284,0.2740886511872636,1606963.0,0,0,1,0,0,0,0,0,0,2,1708994
food,44,38,2023,1,1,0.49999999999999994,0.8660254037844387,1.0,6.123233995736766e-17,24,1,0,0,0,0,0,1708994.0,47.0,1673706.0,57.0,2121670.0,51.0,1778856.0,50.0,1882612.0,48.0,1834790.0,249071.09735174084,2121670.0,1673706.0,1687874.1666666667,308795.7595333311,2121670.0,1159043.0,1709678.4166666667,272870.82283762645,2121670.0,1159043.0,35288.0,0.021083750670667367,1882612.0,0.5085113350592858,0.9314384752478434,1754168.0,1754073.0,480797.54107586254,2939566,724284,0.2740886511872636,2040753.75,0,0,1,0,0,0,0,0,0,2,966363
food,50,42,2023,2,1,0.8660254037844386,0.5000000000000001,1.0,6.123233995736766e-17,25,0,0,0,0,0,0,966363.0,44.0,1708994.0,47.0,1673706.0,57.0,1159043.0,45.0,1341030.0,39.0,1449687.6666666667,418943.14744644536,1708994.0,966363.0,1552458.6666666667,419297.18084321404,2121670.0,966363.0,1633324.3333333333,340012.80422770535,2121670.0,966363.0,-742631.0,-0.4345427777979326,1341030.0,-0.48669030049739403,0.6666008287302299,1754168.0,1754073.0,480797.54107586254,2939566,724284,0.2740886511872636,1696820.75,0,0,1,0,0,0,0,0,0,2,1696316
food,38,32,2023,3,1,1.0,6.123233995736766e-17,1.0,6.123233995736766e-17,26,0,0,1,0,0,0,1696316.0,50.0,966363.0,44.0,1708994.0,47.0,1684976.0,53.0,2073413.0,55.0,1457224.3333333333,425145.6448587167,1708994.0,966363.0,1642004.1666666667,373325.40644023527,2121670.0,966363.0,1662931.5,327484.7308558481,2121670.0,966363.0,729953.0,0.755361080670514,2073413.0,0.26493516177863285,1.1640733421735718,1754168.0,1754073.0,480797.54107586254,2939566,724284,0.2740886511872636,1631563.0,0,0,1,0,0,0,0,0,0,2,724284
food,47,40,2023,4,2,0.8660254037844387,-0.4999999999999998,1.2246467991473532e-16,-1.0,27,0,0,0,1,0,0,724284.0,38.0,1696316.0,50.0,966363.0,44.0,2121670.0,51.0,1537888.0,44.0,1128987.6666666667,506010.5126500183,1696316.0,724284.0,1481888.8333333333,526004.0877226782,2121670.0,724284.0,1550504.0833333333,397788.6279254482,2121670.0,724284.0,-972032.0,-0.5730253089636601,1537888.0,-0.6506803034417166,0.6415340232532746,1754168.0,1754073.0,480797.54107586254,2939566,724284,0.2740886511872636,1828033.5,0,0,1,0,0,0,0,0,0,2,1948883
food,56,40,2023,5,2,0.49999999999999994,-0.8660254037844387,1.2246467991473532e-16,-1.0,28,0,0,0,1,0,0,1948883.0,47.0,724284.0,38.0,1696316.0,50.0,1673706.0,57.0,1739989.0,59.0,1456494.3333333333,646565.15646324,1948883.0,724284.0,1453091.0,487275.9425122487,1948883.0,724284.0,1584753.6666666667,413967.92868296045,2121670.0,724284.0,1224599.0,1.6907718519254877,1739989.0,0.2672463794502591,1.338064251537301,1754168.0,1754073.0,480797.54107586254,2939566,724284,0.2740886511872636,1674950.75,0,0,1,0,0,0,0,0,0,2,1869932
food,49,43,2023,6,2,1.2246467991473532e-16,-1.0,1.2246467991473532e-16,-1.0,29,0,0,1,1,0,0,1869932.0,56.0,1948883.0,47.0,724284.0,38.0,1708994.0,47.0,1813964.0,56.0,1514366.3333333333,685369.1597849542,1948883.0,724284.0,1485795.3333333333,511049.35599202843,1948883.0,724284.0,1595582.25,420052.5378657738,2121670.0,724284.0,-78951.0,-0.040510897780933974,1813964.0,0.0746803571746717,1.2347950154729104,1754168.0,1754073.0,480797.54107586254,2939566,724284,0.2740886511872636,1962571.0,0,0,1,0,0,0,0,0,0,2,2723410
food,46,38,2023,7,3,-0.4999999999999997,-0.8660254037844388,-1.0,-1.8369701987210297e-16,30,0,0,0,0,0,1,2723410.0,49.0,1869932.0,56.0,1948883.0,47.0,966363.0,44.0,1778856.0,50.0,2180741.6666666665,471619.5554706498,2723410.0,1869932.0,1654864.6666666667,723356.4823520054,2723410.0,724284.0,1671369.4166666667,530545.6873140502,2723410.0,724284.0,853478.0,0.45642194475521025,1778856.0,0.5013583511028885,1.2488457673039317,1754168.0,1754073.0,480797.54107586254,2939566,724284,0.2740886511872636,1875678.0,0,0,1,0,0,0,0,0,0,2,1749787
food,55,46,2023,8,3,-0.8660254037844384,-0.5000000000000004,-1.0,-1.8369701987210297e-16,31,0,0,0,0,0,1,1749787.0,46.0,2723410.0,49.0,1869932.0,56.0,1696316.0,50.0,1159043.0,45.0,2114376.3333333335,530848.5759671334,2723410.0,1749787.0,1785435.3333333333,640141.627017543,2723410.0,724284.0,1668947.0,530076.4545329114,2723410.0,724284.0,-973623.0,-0.3575014412078974,1159043.0,-0.016341401440026604,0.8275664896614865,1754168.0,1754073.0,480797.54107586254,2939566,724284,0.2740886511872636,1654871.5,0,0,1,0,0,0,0,0,0,2,2028351
food,49,41,2023,9,3,-1.0,-1.8369701987210297e-16,-1.0,-1.8369701987210297e-16,32,0,0,1,0,0,1,2028351.0,55.0,1749787.0,46.0,2723410.0,49.0,724284.0,38.0,1684976.0,53.0,2167182.6666666665,501439.03944979527,2723410.0,1749787.0,1840774.5,645228.2911555418,2723410.0,724284.0,1741389.3333333333,513188.4263421332,2723410.0,724284.0,278564.0,0.15919880534030706,1684976.0,0.7500222166045609,0.935939102502969,1754168.0,1754073.0,480797.54107586254,2939566,724284,0.2740886511872636,1569991.75,0,0,1,0,0,0,0,0,0,2,1502927
food,47,41,2023,10,4,-0.8660254037844386,0.5000000000000001,-2.4492935982947064e-16,1.0,33,0,0,0,0,1,0,1502927.0,49.0,2028351.0,55.0,1749787.0,46.0,1948883.0,47.0,2121670.0,51.0,1760355.0,262871.3695174881,2028351.0,1502927.0,1970548.3333333333,411859.23524799984,2723410.0,1502927.0,1726218.5833333333,517678.9080836003,2723410.0,724284.0,-525424.0,-0.2590399787807929,2121670.0,-0.10804248843900444,0.8537635874582067,1754168.0,1754073.0,480797.54107586254,2939566,724284,0.2740886511872636,1639010.25,0,0,1,0,0,0,0,0,0,2,1008139
food,58,51,2023,11,4,-0.5000000000000004,0.8660254037844384,-2.4492935982947064e-16,1.0,34,0,0,0,0,1,0,1008139.0,47.0,1502927.0,49.0,2028351.0,55.0,1869932.0,56.0,1673706.0,57.0,1513139.0,510182.6584116708,2028351.0,1008139.0,1813757.6666666667,570333.6931290901,2723410.0,1008139.0,1633424.3333333333,539682.8329239201,2723410.0,724284.0,-494788.0,-0.3292162560124344,1673706.0,-0.5248370387477789,0.666256702127163,1754168.0,1754073.0,480797.54107586254,2939566,724284,0.2740886511872636,1868808.75,0,0,1,0,0,0,0,0,0,2,2494591
food,55,46,2023,12,4,-2.4492935982947064e-16,1.0,-2.4492935982947064e-16,1.0,35,0,1,1,0,0,0,2494591.0,58.0,1008139.0,47.0,1502927.0,49.0,2723410.0,49.0,1708994.0,47.0,1668552.3333333333,756940.3545573014,2494591.0,1008139.0,1917867.5,635884.8850638774,2723410.0,1008139.0,1701831.4166666667,594494.7609056493,2723410.0,724284.0,1486452.0,1.4744514397320212,1708994.0,0.4904594952757533,1.495063085624915,1754168.0,1754073.0,480797.54107586254,2939566,724284,0.2740886511872636,1606963.0,0,0,1,0,0,0,0,0,0,2,1746436
food,51,44,2024,1,1,0.49999999999999994,0.8660254037844387,1.0,6.123233995736766e-17,36,1,0,0,0,0,0,1746436.0,55.0,2494591.0,58.0,1008139.0,47.0,1749787.0,46.0,966363.0,44.0,1749722.0,743231.4480853188,2494591.0,1008139.0,1755038.5,498629.777631361,2494591.0,1008139.0,1704951.5833333333,594634.0103688621,2723410.0,724284.0,-748155.0,-0.29991088719553627,966363.0,0.021908795466806685,0.9981219873785607,1754168.0,1754073.0,480797.54107586254,2939566,724284,0.2740886511872636,2040753.75,0,0,1,0,0,0,0,0,0,2,2374474
food,47,42,2024,2,1,0.8660254037844386,0.5000000000000001,1.0,6.123233995736766e-17,37,0,0,0,0,0,0,2374474.0,51.0,1746436.0,55.0,2494591.0,58.0,2028351.0,55.0,1696316.0,50.0,2205167.0,401786.78573716216,2494591.0,1746436.0,1859153.0,558890.3401294395,2494591.0,1008139.0,1822294.1666666667,574218.9523636483,2723410.0,724284.0,628038.0,0.35961123110151183,1696316.0,1.457124289733775,1.0767774050672758,1754168.0,1754073.0,480797.54107586254,2939566,724284,0.2740886511872636,1696820.75,0,0,1,0,0,0,0,0,0,2,1337349
food,54,43,2024,3,1,1.0,6.123233995736766e-17,1.0,6.123233995736766e-17,38,0,0,1,0,0,0,1337349.0,47.0,2374474.0,51.0,1746436.0,55.0,1502927.0,49.0,724284.0,38.0,1819419.6666666667,522400.25661013334,2374474.0,1337349.0,1743986.0,587513.8952106583,2494591.0,1008139.0,1792380.25,590497.8381195317,2723410.0,724284.0,-1037125.0,-0.436780946011622,724284.0,-0.21161564236852093,0.7350415214814793,1754168.0,1754073.0,480797.54107586254,2939566,724284,0.2740886511872636,1631563.0,0,0,1,0,0,0,0,0,0,2,2439143
food,72,55,2024,4,2,0.8660254037844387,-0.4999999999999998,1.2246467991473532e-16,-1.0,39,0,0,0,1,0,0,2439143.0,54.0,1337349.0,47.0,2374474.0,51.0,1008139.0,47.0,1948883.0,47.0,2050322.0,618298.7901791496,2439143.0,1337349.0,1900022.0,633231.9162392247,2494591.0,1008139.0,1935285.1666666667,510612.40754212916,2723410.0,1008139.0,1101794.0,0.8238642269145899,1948883.0,2.3676610279945436,1.1896389932898286,1754168.0,1754073.0,480797.54107586254,2939566,724284,0.2740886511872636,1828033.5,0,0,1,0,0,0,0,0,0,2,2541884
food,50,43,2024,5,2,0.49999999999999994,-0.8660254037844387,1.2246467991473532e-16,-1.0,40,0,0,0,1,0,0,2541884.0,72.0,2439143.0,54.0,1337349.0,47.0,2494591.0,58.0,1869932.0,56.0,2106125.3333333335,667758.7261057196,2541884.0,1337349.0,2155646.1666666665,495859.36566144176,2541884.0,1337349.0,1984701.9166666667,539903.0552253983,2723410.0,1008139.0,102741.0,0.04212176161873238,1869932.0,0.30427737324405824,1.2069006339603665,1754168.0,1754073.0,480797.54107586254,2939566,724284,0.2740886511872636,1674950.75,0,0,1,0,0,0,0,0,0,2,982506
food,50,43,2024,6,2,1.2246467991473532e-16,-1.0,1.2246467991473532e-16,-1.0,41,0,0,1,1,0,0,982506.0,50.0,2541884.0,72.0,2439143.0,54.0,1746436.0,55.0,2723410.0,49.0,1987844.3333333333,872162.7151067244,2541884.0,982506.0,1903632.0,649567.5425958417,2541884.0,982506.0,1910749.75,612895.2042718861,2723410.0,982506.0,-1559378.0,-0.6134733134950296,2723410.0,-0.4745766156202471,0.4942570117411919,1754168.0,1754073.0,480797.54107586254,2939566,724284,0.2740886511872636,1962571.0,0,0,1,0,0,0,0,0,0,2,1255556
food,54,46,2024,7,3,-0.4999999999999997,-0.8660254037844388,-1.0,-1.8369701987210297e-16,42,0,0,0,0,0,1,1255556.0,50.0,982506.0,50.0,2541884.0,72.0,2374474.0,51.0,1749787.0,46.0,1593315.3333333333,832752.041223156,2541884.0,982506.0,1821818.6666666667,702114.1434643423,2541884.0,982506.0,1788428.5833333333,581640.188678605,2541884.0,982506.0,273050.0,0.2779117888338596,1749787.0,-0.5389765037214375,0.7880147599993759,1754168.0,1754073.0,480797.54107586254,2939566,724284,0.2740886511872636,1875678.0,0,0,1,0,0,0,0,0,0,2,2117256
food,55,44,2024,8,3,-0.8660254037844384,-0.5000000000000004,-1.0,-1.8369701987210297e-16,43,0,0,0,0,0,1,2117256.0,54.0,1255556.0,50.0,982506.0,50.0,1337349.0,47.0,2028351.0,55.0,1451772.6666666667,592275.380066851,2117256.0,982506.0,1778949.0,668677.7703510118,2541884.0,982506.0,1819051.0,589046.989104666,2541884.0,982506.0,861700.0,0.6863094915718615,2028351.0,0.21000784666933736,1.4583936236114001,1754168.0,1754073.0,480797.54107586254,2939566,724284,0.2740886511872636,1654871.5,0,0,1,0,0,0,0,0,0,2,2024548
food,57,47,2024,9,3,-1.0,-1.8369701987210297e-16,-1.0,-1.8369701987210297e-16,44,0,0,1,0,0,1,2024548.0,55.0,2117256.0,54.0,1255556.0,50.0,2439143.0,54.0,1502927.0,49.0,1799120.0,473016.97632114624,2117256.0,1255556.0,1893482.1666666667,635963.9980390142,2541884.0,982506.0,1818734.0833333333,588925.1558313606,2541884.0,982506.0,-92708.0,-0.04378686375195062,1502927.0,-0.0018749220425853252,1.1252990350838126,1754168.0,1754073.0,480797.54107586254,2939566,724284,0.2740886511872636,1569991.75,0,0,1,0,0,0,0,0,0,2,1325577
food,49,44,2024,10,4,-0.8660254037844386,0.5000000000000001,-2.4492935982947064e-16,1.0,45,0,0,0,0,1,0,1325577.0,57.0,2024548.0,55.0,2117256.0,54.0,2541884.0,72.0,1008139.0,47.0,1822460.3333333333,432803.0481920537,2117256.0,1325577.0,1707887.8333333333,606687.7331723191,2541884.0,982506.0,1803954.9166666667,599697.6465937508,2541884.0,982506.0,-698971.0,-0.345247926944681,1008139.0,-0.11800307000938837,0.727355748575045,1754168.0,1754073.0,480797.54107586254,2939566,724284,0.2740886511872636,1639010.25,0,0,1,0,0,0,0,0,0,2,1667873
food,59,49,2024,11,4,-0.5000000000000004,0.8660254037844384,-2.4492935982947064e-16,1.0,46,0,0,0,0,1,0,1667873.0,49.0,1325577.0,57.0,2024548.0,55.0,982506.0,50.0,2494591.0,58.0,1672666.0,349510.1491330397,2024548.0,1325577.0,1562219.3333333333,451461.12510986713,2117256.0,982506.0,1858932.75,548131.9109284029,2541884.0,982506.0,342296.0,0.2582241544625472,2494591.0,0.6544077751183122,0.9971345146012354,1754168.0,1754073.0,480797.54107586254,2939566,724284,0.2740886511872636,1868808.75,0,0,1,0,0,0,0,0,0,2,1951638
food,49,46,2024,12,4,-2.4492935982947064e-16,1.0,-2.4492935982947064e-16,1.0,47,0,1,1,0,0,0,1951638.0,59.0,1667873.0,49.0,1325577.0,57.0,1255556.0,50.0,1746436.0,55.0,1648362.6666666667,313486.17794144136,1951638.0,1325577.0,1723741.3333333333,368274.06849446666,2117256.0,1255556.0,1813686.6666666667,512116.8958760264,2541884.0,982506.0,283765.0,0.17013585566766776,1746436.0,-0.21765211210976065,1.1839858057126516,1754168.0,1754073.0,480797.54107586254,2939566,724284,0.2740886511872636,1606963.0,0,0,1,0,0,0,0,0,0,2,1839521
health,34,32,2022,1,1,0.49999999999999994,0.8660254037844387,1.0,6.123233995736766e-17,12,1,0,0,0,0,0,1061983.0,29.0,769352.0,21.0,1940343.0,43.0,1818274.0,36.0,1536025.0,38.0,1257226.0,609421.7359981508,1940343.0,769352.0,1196332.1666666667,663563.0101738392,1940343.0,186919.0,1294731.5,500794.31593646575,1940343.0,186919.0,292631.0,0.38036035520801925,1536025.0,0.035544370868489716,0.844703338938259,1291446.1875,1329804.0,467591.7682630298,2248184,186919,0.36206833299666713,1291706.75,0,0,0,1,0,0,0,0,0,3,1919790
health,20,19,2022,2,1,0.8660254037844386,0.5000000000000001,1.0,6.123233995736766e-17,13,0,0,0,0,0,0,1919790.0,34.0,1061983.0,29.0,769352.0,21.0,1401122.0,37.0,1921801.0,31.0,1250375.0,597909.321895051,1919790.0,769352.0,1213251.5,683584.8669877793,1940343.0,186919.0,1326711.9166666667,529059.8029691158,1940343.0,186919.0,857807.0,0.807740801877243,1921801.0,0.249842938754252,1.5353713885834126,1291446.1875,1329804.0,467591.7682630298,2248184,186919,0.36206833299666713,1433082.5,0,0,0,1,0,0,0,0,0,3,935109
health,21,21,2022,3,1,1.0,6.123233995736766e-17,1.0,6.123233995736766e-17,14,0,0,1,0,0,0,935109.0,20.0,1919790.0,34.0,1061983.0,29.0,186919.0,15.0,1264438.0,28.0,1305627.3333333333,535650.1552453178,1919790.0,935109.0,1135582.6666666667,684443.5099234023,1940343.0,186919.0,1244487.5833333333,504258.11947570473,1940343.0,186919.0,-984681.0,-0.512910787117341,1264438.0,-0.5134204842228722,0.71621432557835,1291446.1875,1329804.0,467591.7682630298,2248184,186919,0.36206833299666713,1257845.0,0,0,0,1,0,0,0,0,0,3,592917
health,23,23,2022,4,2,0.8660254037844387,-0.4999999999999998,1.2246467991473532e-16,-1.0,15,0,0,0,1,0,0,592917.0,21.0,935109.0,20.0,1919790.0,34.0,1940343.0,43.0,1344139.0,28.0,1149272.0,688873.9597771132,1919790.0,592917.0,1203249.0,584699.148059239,1940343.0,592917.0,1188527.5,537976.5622175036,1940343.0,186919.0,-342192.0,-0.3659380885009127,1344139.0,-0.5310825837249434,0.5159065913030116,1291446.1875,1329804.0,467591.7682630298,2248184,186919,0.36206833299666713,1169131.75,0,0,0,1,0,0,0,0,0,3,996558
health,25,22,2022,5,2,0.49999999999999994,-0.8660254037844387,1.2246467991473532e-16,-1.0,16,0,0,0,1,0,0,996558.0,23.0,592917.0,21.0,935109.0,20.0,769352.0,21.0,1137693.0,21.0,841528.0,217484.63598838367,996558.0,592917.0,1045951.5,460504.9516158321,1919790.0,592917.0,1159562.4166666667,538193.6314120103,1940343.0,186919.0,403641.0,0.680771507647782,1137693.0,-0.2585900714137451,1.1842244108336124,1291446.1875,1329804.0,467591.7682630298,2248184,186919,0.36206833299666713,1056812.25,0,0,0,1,0,0,0,0,0,3,732594
health,25,23,2022,6,2,1.2246467991473532e-16,-1.0,1.2246467991473532e-16,-1.0,17,0,0,1,1,0,0,732594.0,25.0,996558.0,23.0,592917.0,21.0,1061983.0,29.0,1154689.0,18.0,774023.0,204984.84273477332,996558.0,592917.0,1039825.1666666666,465141.80632551893,1919790.0,592917.0,1125804.1666666667,552212.4556516982,1940343.0,186919.0,-263964.0,-0.2648757021668583,1154689.0,-0.35607057439924483,0.9464757507205735,1291446.1875,1329804.0,467591.7682630298,2248184,186919,0.36206833299666713,1496820.5,0,0,0,1,0,0,0,0,0,3,1286793
health,29,28,2022,7,3,-0.4999999999999997,-0.8660254037844388,-1.0,-1.8369701987210297e-16,18,0,0,0,0,0,1,1286793.0,25.0,732594.0,25.0,996558.0,23.0,1919790.0,34.0,1818274.0,36.0,1005315.0,277203.25879577926,1286793.0,732594.0,1077293.5,476206.5486877516,1919790.0,592917.0,1136812.8333333333,554154.0104196228,1940343.0,186919.0,554199.0,0.7564885871301157,1818274.0,0.11440656315250264,1.2799898539263685,1291446.1875,1329804.0,467591.7682630298,2248184,186919,0.36206833299666713,1121637.5,0,0,0,1,0,0,0,0,0,3,710383
health,29,26,2022,8,3,-0.8660254037844384,-0.5000000000000004,-1.0,-1.8369701987210297e-16,19,0,0,0,0,0,1,710383.0,29.0,1286793.0,25.0,732594.0,25.0,935109.0,20.0,1401122.0,37.0,909923.3333333334,326567.5908144179,1286793.0,710383.0,875725.6666666666,250961.66996389418,1286793.0,592917.0,1044488.5833333334,521633.9029112724,1940343.0,186919.0,-576410.0,-0.4479430646576411,1401122.0,-0.6093091580256881,0.7807064331427104,1291446.1875,1329804.0,467591.7682630298,2248184,186919,0.36206833299666713,1321076.75,0,0,0,1,0,0,0,0,0,3,1450924
health,27,25,2022,9,3,-1.0,-1.8369701987210297e-16,-1.0,-1.8369701987210297e-16,20,0,0,1,0,0,1,1450924.0,29.0,710383.0,29.0,1286793.0,25.0,592917.0,21.0,186919.0,15.0,1149366.6666666667,388927.68092581566,1450924.0,710383.0,961694.8333333334,345800.91256178974,1450924.0,592917.0,1048638.75,524917.0395724233,1940343.0,186919.0,740541.0,1.0424531555513012,186919.0,0.035544370868489716,1.2623682607812887,1291446.1875,1329804.0,467591.7682630298,2248184,186919,0.36206833299666713,1127140.75,0,0,0,1,0,0,0,0,0,3,1776161
health,31,29,2022,10,4,-0.8660254037844386,0.5000000000000001,-2.4492935982947064e-16,1.0,21,0,0,0,0,1,0,1776161.0,27.0,1450924.0,29.0,710383.0,29.0,996558.0,23.0,1940343.0,43.0,1312489.3333333333,546208.5719048476,1776161.0,710383.0,1158902.1666666667,422351.7510338586,1776161.0,710383.0,1181075.5833333333,486842.36776794743,1940343.0,592917.0,325237.0,0.22415853621554271,1940343.0,8.502303136652774,1.3532765218663263,1291446.1875,1329804.0,467591.7682630298,2248184,186919,0.36206833299666713,1486186.75,0,0,0,1,0,0,0,0,0,3,1481383
health,27,25,2022,11,4,-0.5000000000000004,0.8660254037844384,-2.4492935982947064e-16,1.0,22,0,0,0,0,1,0,1481383.0,31.0,1776161.0,27.0,1450924.0,29.0,732594.0,25.0,769352.0,21.0,1569489.3333333333,179629.67745429245,1776161.0,1450924.0,1239706.3333333333,431362.35054054786,1776161.0,710383.0,1142828.9166666667,437276.098129911,1919790.0,592917.0,-294778.0,-0.16596355848371858,769352.0,-0.2365354991359775,0.9438630569433565,1291446.1875,1329804.0,467591.7682630298,2248184,186919,0.36206833299666713,1347741.0,0,0,0,1,0,0,0,0,0,3,1636125
health,33,31,2022,12,4,-2.4492935982947064e-16,1.0,-2.4492935982947064e-16,1.0,23,0,1,1,0,0,0,1636125.0,27.0,1481383.0,31.0,1776161.0,27.0,1286793.0,25.0,1061983.0,29.0,1631223.0,147450.1255475892,1776161.0,1481383.0,1390294.8333333333,372636.7802535957,1776161.0,710383.0,1215060.0,441542.98789050267,1919790.0,592917.0,154742.0,0.10445779383184495,1061983.0,1.1266273435306595,1.0030051072109638,1291446.1875,1329804.0,467591.7682630298,2248184,186919,0.36206833299666713,1388172.75,0,0,0,1,0,0,0,0,0,3,1619920
health,36,32,2023,1,1,0.49999999999999994,0.8660254037844387,1.0,6.123233995736766e-17,24,1,0,0,0,0,0,1619920.0,33.0,1636125.0,27.0,1481383.0,31.0,710383.0,29.0,1919790.0,34.0,1579142.6666666667,85049.19062714912,1636125.0,1481383.0,1445816.0,378895.85322724225,1776161.0,710383.0,1261554.75,453180.70066909475,1919790.0,592917.0,-16205.0,-0.009904499961799984,1919790.0,0.5253728167023388,1.025822450494228,1291446.1875,1329804.0,467591.7682630298,2248184,186919,0.36206833299666713,1291706.75,0,0,0,1,0,0,0,0,0,3,1184083
health,41,36,2023,2,1,0.8660254037844386,0.5000000000000001,1.0,6.123233995736766e-17,25,0,0,0,0,0,0,1184083.0,36.0,1619920.0,33.0,1636125.0,27.0,1450924.0,29.0,935109.0,20.0,1480042.6666666667,256436.6271154204,1636125.0,1184083.0,1524766.0,203987.34704093754,1776161.0,1184083.0,1200245.8333333333,403025.26997240906,1776161.0,592917.0,-435837.0,-0.2690484715294582,935109.0,-0.3832226441433698,0.8000330170661692,1291446.1875,1329804.0,467591.7682630298,2248184,186919,0.36206833299666713,1433082.5,0,0,0,1,0,0,0,0,0,3,2077211
health,37,31,2023,3,1,1.0,6.123233995736766e-17,1.0,6.123233995736766e-17,26,0,0,1,0,0,0,2077211.0,41.0,1184083.0,36.0,1619920.0,33.0,1776161.0,27.0,592917.0,21.0,1627071.3333333333,446606.9438245818,2077211.0,1184083.0,1629147.1666666667,297464.1013960619,2077211.0,1184083.0,1295421.0,464835.6176264698,2077211.0,592917.0,893128.0,0.7542782051596044,592917.0,1.2213570824363789,1.2766563809740696,1291446.1875,1329804.0,467591.7682630298,2248184,186919,0.36206833299666713,1257845.0,0,0,0,1,0,0,0,0,0,3,2248184
health,33,28,2023,4,2,0.8660254037844387,-0.4999999999999998,1.2246467991473532e-16,-1.0,27,0,0,0,1,0,0,2248184.0,37.0,2077211.0,41.0,1184083.0,36.0,1481383.0,31.0,996558.0,23.0,1836492.6666666667,571433.9170475735,2248184.0,1184083.0,1707817.6666666667,391633.42720133916,2248184.0,1184083.0,1433359.9166666667,482673.7457250653,2248184.0,710383.0,170973.0,0.08230892287783953,996558.0,2.7917347622011177,1.2241725985655925,1291446.1875,1329804.0,467591.7682630298,2248184,186919,0.36206833299666713,1169131.75,0,0,0,1,0,0,0,0,0,3,1315469
health,26,24,2023,5,2,0.49999999999999994,-0.8660254037844387,1.2246467991473532e-16,-1.0,28,0,0,0,1,0,0,1315469.0,33.0,2248184.0,37.0,2077211.0,41.0,1636125.0,27.0,732594.0,25.0,1880288.0,496561.4954393864,2248184.0,1315469.0,1680165.3333333333,415923.21773167053,2248184.0,1184083.0,1459935.8333333333,464889.07715161325,2248184.0,710383.0,-932715.0,-0.41487485010123726,732594.0,0.3200124829663702,0.6996103788355789,1291446.1875,1329804.0,467591.7682630298,2248184,186919,0.36206833299666713,1056812.25,0,0,0,1,0,0,0,0,0,3,805746
health,24,24,2023,6,2,1.2246467991473532e-16,-1.0,1.2246467991473532e-16,-1.0,29,0,0,1,1,0,0,805746.0,26.0,1315469.0,33.0,2248184.0,37.0,1619920.0,33.0,1286793.0,25.0,1456466.3333333333,731482.7625900238,2248184.0,805746.0,1541768.8333333333,550037.9418758006,2248184.0,805746.0,1466031.8333333333,454855.8868208764,2248184.0,710383.0,-509723.0,-0.38748385556786213,1286793.0,0.0998533976527245,0.5532197906393954,1291446.1875,1329804.0,467591.7682630298,2248184,186919,0.36206833299666713,1496820.5,0,0,0,1,0,0,0,0,0,3,1375323
health,17,15,2023,7,3,-0.4999999999999997,-0.8660254037844388,-1.0,-1.8369701987210297e-16,30,0,0,0,0,0,1,1375323.0,24.0,805746.0,26.0,1315469.0,33.0,1184083.0,36.0,710383.0,29.0,1165512.6666666667,313001.0641552725,1375323.0,805746.0,1501002.6666666667,552147.4469793976,2248184.0,805746.0,1473409.3333333333,452395.74977171817,2248184.0,710383.0,569577.0,0.7068939839602058,710383.0,0.06879894435235512,1.1800154896071384,1291446.1875,1329804.0,467591.7682630298,2248184,186919,0.36206833299666713,1121637.5,0,0,0,1,0,0,0,0,0,3,451609
health,31,28,2023,8,3,-0.8660254037844384,-0.5000000000000004,-1.0,-1.8369701987210297e-16,31,0,0,0,0,0,1,451609.0,17.0,1375323.0,24.0,805746.0,26.0,2077211.0,41.0,1450924.0,29.0,877559.3333333334,466025.48705229955,1375323.0,451609.0,1378923.6666666667,697954.6281963224,2248184.0,451609.0,1451844.8333333333,496127.5003321099,2248184.0,451609.0,-923714.0,-0.6716342270143086,1450924.0,-0.36427391984323954,0.5146193343811831,1291446.1875,1329804.0,467591.7682630298,2248184,186919,0.36206833299666713,1321076.75,0,0,0,1,0,0,0,0,0,3,867422
health,26,22,2023,9,3,-1.0,-1.8369701987210297e-16,-1.0,-1.8369701987210297e-16,32,0,0,1,0,0,1,867422.0,31.0,451609.0,17.0,1375323.0,24.0,2248184.0,37.0,1776161.0,27.0,898118.0,462621.4129944697,1375323.0,451609.0,1177292.1666666667,627024.8000611829,2248184.0,451609.0,1403219.6666666667,524035.37186570157,2248184.0,451609.0,415813.0,0.9207367435104261,1776161.0,-0.40215890012157773,0.9658218630513923,1291446.1875,1329804.0,467591.7682630298,2248184,186919,0.36206833299666713,1127140.75,0,0,0,1,0,0,0,0,0,3,946230
health,30,29,2023,10,4,-0.8660254037844386,0.5000000000000001,-2.4492935982947064e-16,1.0,33,0,0,0,0,1,0,946230.0,26.0,867422.0,31.0,451609.0,17.0,1315469.0,33.0,1481383.0,31.0,755087.0,265757.12140787434,946230.0,451609.0,960299.8333333334,343472.5227062078,1375323.0,451609.0,1334058.75,525105.9901003753,2248184.0,451609.0,78808.0,0.09085312569891002,1481383.0,-0.4672611322960024,1.2531403666067453,1291446.1875,1329804.0,467591.7682630298,2248184,186919,0.36206833299666713,1486186.75,0,0,0,1,0,0,0,0,0,3,1463901
health,30,25,2023,11,4,-0.5000000000000004,0.8660254037844384,-2.4492935982947064e-16,1.0,34,0,0,0,0,1,0,1463901.0,30.0,946230.0,26.0,867422.0,31.0,805746.0,26.0,1636125.0,27.0,1092517.6666666667,324032.19041375036,1463901.0,867422.0,985038.5,377799.90937465796,1463901.0,451609.0,1332601.9166666667,524684.1834612959,2248184.0,451609.0,517671.0,0.5470879173139722,1636125.0,-0.011801134480414532,1.339933480862082,1291446.1875,1329804.0,467591.7682630298,2248184,186919,0.36206833299666713,1347741.0,0,0,0,1,0,0,0,0,0,3,1408951
health,41,37,2023,12,4,-2.4492935982947064e-16,1.0,-2.4492935982947064e-16,1.0,35,0,1,1,0,0,0,1408951.0,30.0,1463901.0,30.0,946230.0,26.0,1375323.0,24.0,1619920.0,33.0,1273027.3333333333,284345.2978867999,1463901.0,946230.0,1085572.6666666667,400144.26216386823,1463901.0,451609.0,1313670.75,516775.90251940914,2248184.0,451609.0,-54950.0,-0.037536691347297424,1619920.0,-0.13884880433952174,1.1067719938980014,1291446.1875,1329804.0,467591.7682630298,2248184,186919,0.36206833299666713,1388172.75,0,0,0,1,0,0,0,0,0,3,1704077
health,28,26,2024,1,1,0.49999999999999994,0.8660254037844387,1.0,6.123233995736766e-17,36,1,0,0,0,0,0,1704077.0,41.0,1408951.0,30.0,1463901.0,30.0,451609.0,17.0,1184083.0,36.0,1525643.0,156951.88718839816,1704077.0,1408951.0,1140365.0,465006.73299340496,1704077.0,451609.0,1320683.8333333333,521855.85823635815,2248184.0,451609.0,295126.0,0.20946505591748754,1184083.0,0.051951330929922435,1.1169565881402064,1291446.1875,1329804.0,467591.7682630298,2248184,186919,0.36206833299666713,1291706.75,0,0,0,1,0,0,0,0,0,3,526929
health,25,23,2024,2,1,0.8660254037844386,0.5000000000000001,1.0,6.123233995736766e-17,37,0,0,0,0,0,0,526929.0,28.0,1704077.0,41.0,1408951.0,30.0,867422.0,31.0,2077211.0,41.0,1213319.0,612473.0712806887,1704077.0,526929.0,1152918.3333333333,443199.65932733583,1704077.0,526929.0,1265921.0,569774.1368558405,2248184.0,451609.0,-1177148.0,-0.6907833390157839,2077211.0,-0.5549898106805013,0.43428727317382787,1291446.1875,1329804.0,467591.7682630298,2248184,186919,0.36206833299666713,1433082.5,0,0,0,1,0,0,0,0,0,3,798209
health,25,21,2024,3,1,1.0,6.123233995736766e-17,1.0,6.123233995736766e-17,38,0,0,1,0,0,0,798209.0,25.0,526929.0,28.0,1704077.0,41.0,946230.0,26.0,2248184.0,37.0,1009738.3333333334,616423.4320832823,1704077.0,526929.0,1141382.8333333333,452910.99310677644,1704077.0,526929.0,1159337.5,521824.6639093354,2248184.0,451609.0,271280.0,0.5148321690398516,2248184.0,-0.6157304192977988,0.790510742882224,1291446.1875,1329804.0,467591.7682630298,2248184,186919,0.36206833299666713,1257845.0,0,0,0,1,0,0,0,0,0,3,925841
health,33,29,2024,4,2,0.8660254037844387,-0.4999999999999998,1.2246467991473532e-16,-1.0,39,0,0,0,1,0,0,925841.0,25.0,798209.0,25.0,526929.0,28.0,1463901.0,30.0,1315469.0,33.0,750326.3333333334,203721.03048368118,925841.0,526929.0,1137984.6666666667,454740.8507542142,1704077.0,526929.0,1049142.25,395259.2677292221,1704077.0,451609.0,127632.0,0.15989797158388352,1315469.0,-0.5881827288157908,1.2339177753324055,1291446.1875,1329804.0,467591.7682630298,2248184,186919,0.36206833299666713,1169131.75,0,0,0,1,0,0,0,0,0,3,1020361
health,34,30,2024,5,2,0.49999999999999994,-0.8660254037844387,1.2246467991473532e-16,-1.0,40,0,0,0,1,0,0,1020361.0,33.0,925841.0,25.0,798209.0,25.0,1408951.0,30.0,805746.0,26.0,914803.6666666666,111486.52304800322,1020361.0,798209.0,1064061.3333333333,426326.66397572,1704077.0,526929.0,1024549.9166666666,386260.604945902,1704077.0,451609.0,94520.0,0.10209096378319815,805746.0,-0.22433671945138955,1.1153879648492762,1291446.1875,1329804.0,467591.7682630298,2248184,186919,0.36206833299666713,1056812.25,0,0,0,1,0,0,0,0,0,3,1551216
health,39,35,2024,6,2,1.2246467991473532e-16,-1.0,1.2246467991473532e-16,-1.0,41,0,0,1,1,0,0,1551216.0,34.0,1020361.0,33.0,925841.0,25.0,1704077.0,41.0,1375323.0,24.0,1165806.0,337104.0769183897,1551216.0,925841.0,1087772.1666666667,452497.4447355106,1704077.0,526929.0,1086672.4166666667,407248.12110453524,1704077.0,451609.0,530855.0,0.5202619465071676,1375323.0,0.9251923062602856,1.3305953134569446,1291446.1875,1329804.0,467591.7682630298,2248184,186919,0.36206833299666713,1496820.5,0,0,0,1,0,0,0,0,0,3,2170477
health,35,30,2024,7,3,-0.4999999999999997,-0.8660254037844388,-1.0,-1.8369701987210297e-16,42,0,0,0,0,0,1,2170477.0,39.0,1551216.0,34.0,1020361.0,33.0,526929.0,28.0,451609.0,17.0,1580684.6666666667,575624.0136585104,2170477.0,1020361.0,1165505.5,596646.1211350493,2170477.0,526929.0,1152935.25,510168.01262776967,2170477.0,451609.0,619261.0,0.39921003909191244,451609.0,0.5781580036107881,1.373124599593332,1291446.1875,1329804.0,467591.7682630298,2248184,186919,0.36206833299666713,1121637.5,0,0,0,1,0,0,0,0,0,3,1506284
health,24,22,2024,8,3,-0.8660254037844384,-0.5000000000000004,-1.0,-1.8369701987210297e-16,43,0,0,0,0,0,1,1506284.0,35.0,2170477.0,39.0,1551216.0,34.0,798209.0,25.0,867422.0,31.0,1742659.0,371181.76409812964,2170477.0,1506284.0,1328731.3333333333,515446.7912468429,2170477.0,798209.0,1240824.8333333333,467419.151597332,2170477.0,526929.0,-664193.0,-0.30601245716955305,867422.0,2.335371970000598,0.8643595792406841,1291446.1875,1329804.0,467591.7682630298,2248184,186919,0.36206833299666713,1321076.75,0,0,0,1,0,0,0,0,0,3,1564839
health,31,27,2024,9,3,-1.0,-1.8369701987210297e-16,-1.0,-1.8369701987210297e-16,44,0,0,1,0,0,1,1564839.0,24.0,1506284.0,35.0,2170477.0,39.0,925841.0,25.0,946230.0,26.0,1747200.0,367735.9596952677,2170477.0,1506284.0,1456503.0,448278.09768267703,2170477.0,925841.0,1298942.9166666667,460070.1785414636,2170477.0,526929.0,58555.0,0.03887381131313883,946230.0,0.8040111963957566,0.8956267170329619,1291446.1875,1329804.0,467591.7682630298,2248184,186919,0.36206833299666713,1127140.75,0,0,0,1,0,0,0,0,0,3,1599253
health,25,24,2024,10,4,-0.8660254037844386,0.5000000000000001,-2.4492935982947064e-16,1.0,45,0,0,0,0,1,0,1599253.0,31.0,1564839.0,24.0,1506284.0,35.0,1020361.0,33.0,1463901.0,30.0,1556792.0,47003.982778053745,1599253.0,1506284.0,1568738.3333333333,365502.6807768533,2170477.0,1020361.0,1353361.5,453125.852379286,2170477.0,526929.0,34414.0,0.021992038797601587,1463901.0,0.6901313634105872,1.027274677670485,1291446.1875,1329804.0,467591.7682630298,2248184,186919,0.36206833299666713,1486186.75,0,0,0,1,0,0,0,0,0,3,1059120
health,36,34,2024,11,4,-0.5000000000000004,0.8660254037844384,-2.4492935982947064e-16,1.0,46,0,0,0,0,1,0,1059120.0,25.0,1599253.0,31.0,1564839.0,24.0,1551216.0,34.0,1408951.0,30.0,1407737.3333333333,302401.4131487035,1599253.0,1059120.0,1575198.1666666667,354034.97498152114,2170477.0,1059120.0,1319629.75,459175.003952667,2170477.0,526929.0,-540133.0,-0.33774080773961346,1408951.0,-0.27650845241583955,0.7523562634317145,1291446.1875,1329804.0,467591.7682630298,2248184,186919,0.36206833299666713,1347741.0,0,0,0,1,0,0,0,0,0,3,1576536
health,29,27,2024,12,4,-2.4492935982947064e-16,1.0,-2.4492935982947064e-16,1.0,47,0,1,1,0,0,0,1576536.0,36.0,1059120.0,25.0,1599253.0,31.0,2170477.0,39.0,1704077.0,41.0,1411636.3333333333,305499.3281045523,1599253.0,1059120.0,1579418.1666666667,353842.7935201822,2170477.0,1059120.0,1333595.1666666667,464654.38456396287,2170477.0,526929.0,517416.0,0.4885338771810559,1704077.0,0.11894310022137033,1.1168145525677096,1291446.1875,1329804.0,467591.7682630298,2248184,186919,0.36206833299666713,1388172.75,0,0,0,1,0,0,0,0,0,3,1166711
misc,11,9,2022,1,1,0.49999999999999994,0.8660254037844387,1.0,6.123233995736766e-17,12,1,0,0,0,0,0,69559.0,6.0,242136.0,9.0,207497.0,10.0,119102.0,8.0,495216.0,11.0,173064.0,91295.83149848632,242136.0,69559.0,195455.16666666666,92523.84708261253,332409.0,69559.0,211794.33333333334,117597.14273920197,495216.0,69559.0,-172577.0,-0.7127275580665411,495216.0,0.03733956269074801,0.4019264549530577,226424.70833333334,202548.5,114767.88869120371,495216,57316,0.5068699857713496,304400.25,0,0,0,0,1,0,0,0,0,4,198517
misc,12,11,2022,2,1,0.8660254037844386,0.5000000000000001,1.0,6.123233995736766e-17,13,0,0,0,0,0,0,198517.0,11.0,69559.0,6.0,242136.0,9.0,332409.0,10.0,110355.0,6.0,170070.66666666666,89736.28386741532,242136.0,69559.0,208691.0,84772.34980109964,332409.0,69559.0,187069.41666666666,76653.02945974188,332409.0,69559.0,128958.0,1.8539369456145143,110355.0,-0.5991304804368195,1.167261844096111,226424.70833333334,202548.5,114767.88869120371,495216,57316,0.5068699857713496,194766.0,0,0,0,0,1,0,0,0,0,4,393445
misc,9,9,2022,3,1,1.0,6.123233995736766e-17,1.0,6.123233995736766e-17,14,0,0,1,0,0,0,393445.0,12.0,198517.0,11.0,69559.0,6.0,202028.0,9.0,284210.0,12.0,220507.0,163058.9013945574,393445.0,69559.0,218863.66666666666,104056.47943624975,393445.0,69559.0,210660.25,92765.59258408945,393445.0,69559.0,194928.0,0.9819209437982641,284210.0,2.5652666394816728,1.7842744221271076,226424.70833333334,202548.5,114767.88869120371,495216,57316,0.5068699857713496,234215.0,0,0,0,0,1,0,0,0,0,4,291497
misc,8,8,2022,4,2,0.8660254037844387,-0.4999999999999998,1.2246467991473532e-16,-1.0,15,0,0,0,1,0,0,291497.0,9.0,393445.0,12.0,198517.0,11.0,207497.0,10.0,208642.0,7.0,294486.3333333333,97498.37630100985,393445.0,198517.0,233775.16666666666,107514.46322131115,393445.0,69559.0,211267.5,93313.05873582949,393445.0,69559.0,-101948.0,-0.25911626783921515,208642.0,0.025639491924984936,0.9898489912944124,226424.70833333334,202548.5,114767.88869120371,495216,57316,0.5068699857713496,214376.0,0,0,0,0,1,0,0,0,0,4,191352
misc,3,3,2022,5,2,0.49999999999999994,-0.8660254037844387,1.2246467991473532e-16,-1.0,16,0,0,0,1,0,0,191352.0,8.0,291497.0,9.0,393445.0,12.0,242136.0,9.0,142481.0,8.0,292098.0,101047.84046678079,393445.0,191352.0,231084.33333333334,108501.18757998304,393445.0,69559.0,209826.66666666666,93490.60143267036,393445.0,69559.0,-100145.0,-0.3435541360631499,142481.0,-0.08286922096222238,0.6550952077727114,226424.70833333334,202548.5,114767.88869120371,495216,57316,0.5068699857713496,162791.25,0,0,0,0,1,0,0,0,0,4,67198
misc,7,7,2022,6,2,1.2246467991473532e-16,-1.0,1.2246467991473532e-16,-1.0,17,0,0,1,1,0,0,67198.0,3.0,191352.0,8.0,291497.0,9.0,69559.0,6.0,127897.0,8.0,183349.0,112363.45650165805,291497.0,67198.0,201928.0,126884.65534334716,393445.0,67198.0,203553.08333333334,100670.76025834127,393445.0,67198.0,-124154.0,-0.64882520172248,127897.0,-0.5283722040131666,0.36650322608793245,226424.70833333334,202548.5,114767.88869120371,495216,57316,0.5068699857713496,191231.25,0,0,0,0,1,0,0,0,0,4,142329
misc,13,13,2022,7,3,-0.4999999999999997,-0.8660254037844388,-1.0,-1.8369701987210297e-16,18,0,0,0,0,0,1,142329.0,7.0,67198.0,3.0,191352.0,8.0,198517.0,11.0,119102.0,8.0,133626.33333333334,62532.84124628708,191352.0,67198.0,214056.33333333334,114583.14765386167,393445.0,67198.0,204755.75,99766.91482480096,393445.0,67198.0,75131.0,1.1180541087532365,119102.0,0.11284080158252352,1.0651268836730485,226424.70833333334,202548.5,114767.88869120371,495216,57316,0.5068699857713496,270791.75,0,0,0,0,1,0,0,0,0,4,363147
misc,6,6,2022,8,3,-0.8660254037844384,-0.5000000000000004,-1.0,-1.8369701987210297e-16,19,0,0,0,0,0,1,363147.0,13.0,142329.0,7.0,67198.0,3.0,393445.0,12.0,332409.0,10.0,190891.33333333334,153834.90440837323,363147.0,67198.0,241494.66666666666,128930.88987619168,393445.0,67198.0,225092.83333333334,105432.38674217479,393445.0,67198.0,220818.0,1.5514617541049258,332409.0,2.049041997615489,1.9023755225485055,226424.70833333334,202548.5,114767.88869120371,495216,57316,0.5068699857713496,297466.0,0,0,0,0,1,0,0,0,0,4,134428
misc,5,5,2022,9,3,-1.0,-1.8369701987210297e-16,-1.0,-1.8369701987210297e-16,20,0,0,1,0,0,1,134428.0,6.0,363147.0,13.0,142329.0,7.0,291497.0,9.0,202028.0,9.0,213301.33333333334,129830.27117869438,363147.0,134428.0,198325.16666666666,109825.86648948719,363147.0,67198.0,208594.41666666666,102563.88220426627,393445.0,67198.0,-228719.0,-0.6298248367740887,202028.0,-0.5955945837808243,0.6302257838675506,226424.70833333334,202548.5,114767.88869120371,495216,57316,0.5068699857713496,151268.75,0,0,0,0,1,0,0,0,0,4,72403
misc,3,3,2022,10,4,-0.8660254037844386,0.5000000000000001,-2.4492935982947064e-16,1.0,21,0,0,0,0,1,0,72403.0,5.0,134428.0,6.0,363147.0,13.0,191352.0,8.0,207497.0,10.0,189992.66666666666,153129.3326581597,363147.0,72403.0,161809.5,109072.12550372344,363147.0,67198.0,197792.33333333334,109883.24934578463,393445.0,67198.0,-62025.0,-0.46139941083702796,207497.0,-0.6416189835072366,0.38108312952427736,226424.70833333334,202548.5,114767.88869120371,495216,57316,0.5068699857713496,288335.75,0,0,0,0,1,0,0,0,0,4,79690
misc,5,5,2022,11,4,-0.5000000000000004,0.8660254037844384,-2.4492935982947064e-16,1.0,22,0,0,0,0,1,0,79690.0,3.0,72403.0,5.0,134428.0,6.0,67198.0,3.0,242136.0,9.0,95507.0,33902.92425440639,134428.0,72403.0,143199.16666666666,112495.7143564441,363147.0,67198.0,187141.75,114934.91234538316,393445.0,67198.0,7287.0,0.10064500089775286,242136.0,-0.6159462546446455,0.8343891023693725,226424.70833333334,202548.5,114767.88869120371,495216,57316,0.5068699857713496,247137.5,0,0,0,0,1,0,0,0,0,4,57316
misc,7,7,2022,12,4,-2.4492935982947064e-16,1.0,-2.4492935982947064e-16,1.0,23,0,1,1,0,0,0,57316.0,5.0,79690.0,3.0,72403.0,5.0,142329.0,7.0,69559.0,6.0,69803.0,11411.352636739559,79690.0,57316.0,141552.16666666666,113894.59519295314,363147.0,57316.0,171740.08333333334,119199.67839756672,393445.0,57316.0,-22374.0,-0.28076295645626803,69559.0,-0.7632900518716754,0.82111084050817,226424.70833333334,202548.5,114767.88869120371,495216,57316,0.5068699857713496,160317.0,0,0,0,0,1,0,0,0,0,4,167400
misc,11,11,2023,1,1,0.49999999999999994,0.8660254037844387,1.0,6.123233995736766e-17,24,1,0,0,0,0,0,167400.0,7.0,57316.0,5.0,79690.0,3.0,363147.0,13.0,198517.0,11.0,101468.66666666667,58183.79933738729,167400.0,57316.0,145730.66666666666,114387.62338236888,363147.0,57316.0,179893.5,114841.51954402997,393445.0,57316.0,110084.0,1.9206504291995254,198517.0,1.4065900889892036,1.6497703724629293,226424.70833333334,202548.5,114767.88869120371,495216,57316,0.5068699857713496,304400.25,0,0,0,0,1,0,0,0,0,4,404475
misc,7,7,2023,2,1,0.8660254037844386,0.5000000000000001,1.0,6.123233995736766e-17,25,0,0,0,0,0,0,404475.0,11.0,167400.0,7.0,57316.0,5.0,134428.0,6.0,393445.0,12.0,209730.33333333334,177408.3866685375,404475.0,57316.0,152618.66666666666,130243.42032005556,404475.0,57316.0,197056.66666666666,131988.10023244403,404475.0,57316.0,237075.0,1.4162186379928317,393445.0,1.0374829359702193,1.9285479290071568,226424.70833333334,202548.5,114767.88869120371,495216,57316,0.5068699857713496,194766.0,0,0,0,0,1,0,0,0,0,4,157838
misc,6,6,2023,3,1,1.0,6.123233995736766e-17,1.0,6.123233995736766e-17,26,0,0,1,0,0,0,157838.0,7.0,404475.0,11.0,167400.0,7.0,72403.0,5.0,291497.0,9.0,243237.66666666666,139717.45133065272,404475.0,157838.0,156520.33333333334,129939.790482618,404475.0,57316.0,177422.75,116764.44149508484,404475.0,57316.0,-246637.0,-0.6097706904011373,291497.0,-0.598830840397006,0.6489044322904766,226424.70833333334,202548.5,114767.88869120371,495216,57316,0.5068699857713496,234215.0,0,0,0,0,1,0,0,0,0,4,113632
misc,2,2,2023,4,2,0.8660254037844387,-0.4999999999999998,1.2246467991473532e-16,-1.0,27,0,0,0,1,0,0,113632.0,6.0,157838.0,7.0,404475.0,11.0,79690.0,3.0,191352.0,8.0,225315.0,156723.55218345448,404475.0,113632.0,163391.83333333334,125620.16084119087,404475.0,57316.0,162600.66666666666,112165.98017494458,404475.0,57316.0,-44206.0,-0.28007197252879534,191352.0,-0.6101778062896016,0.504325056032643,226424.70833333334,202548.5,114767.88869120371,495216,57316,0.5068699857713496,214376.0,0,0,0,0,1,0,0,0,0,4,198497
misc,10,9,2023,5,2,0.49999999999999994,-0.8660254037844387,1.2246467991473532e-16,-1.0,28,0,0,0,1,0,0,198497.0,2.0,113632.0,6.0,157838.0,7.0,57316.0,5.0,67198.0,3.0,156655.66666666666,42444.852341989936,198497.0,113632.0,183193.0,118975.61318522379,404475.0,57316.0,163196.08333333334,112351.28818330019,404475.0,57316.0,84865.0,0.7468406786820614,67198.0,0.03733956269074801,1.2670910936298974,226424.70833333334,202548.5,114767.88869120371,495216,57316,0.5068699857713496,162791.25,0,0,0,0,1,0,0,0,0,4,179914
misc,10,9,2023,6,2,1.2246467991473532e-16,-1.0,1.2246467991473532e-16,-1.0,29,0,0,1,1,0,0,179914.0,10.0,198497.0,2.0,113632.0,6.0,167400.0,7.0,142329.0,7.0,164014.33333333334,44610.722997204684,198497.0,113632.0,203626.0,102407.68569008869,404475.0,113632.0,172589.08333333334,108232.09357122594,404475.0,57316.0,-18583.0,-0.0936185433533,142329.0,1.6773713503378076,1.09694071453098,226424.70833333334,202548.5,114767.88869120371,495216,57316,0.5068699857713496,191231.25,0,0,0,0,1,0,0,0,0,4,329408
misc,12,12,2023,7,3,-0.4999999999999997,-0.8660254037844388,-1.0,-1.8369701987210297e-16,30,0,0,0,0,0,1,329408.0,10.0,179914.0,10.0,198497.0,2.0,404475.0,11.0,363147.0,13.0,235939.66666666666,81477.47525748028,329408.0,179914.0,230627.33333333334,111866.90920851736,404475.0,113632.0,188179.0,116625.2743650675,404475.0,57316.0,149494.0,0.8309192169592139,363147.0,1.3144123825783924,1.3961535364266262,226424.70833333334,202548.5,114767.88869120371,495216,57316,0.5068699857713496,270791.75,0,0,0,0,1,0,0,0,0,4,347878
misc,13,13,2023,8,3,-0.8660254037844384,-0.5000000000000004,-1.0,-1.8369701987210297e-16,31,0,0,0,0,0,1,347878.0,12.0,329408.0,10.0,179914.0,10.0,157838.0,7.0,134428.0,6.0,285733.3333333333,92106.37168694302,347878.0,179914.0,221194.5,95458.74966654443,347878.0,113632.0,186906.58333333334,114608.63916148279,404475.0,57316.0,18470.0,0.0560702836603848,134428.0,-0.04204633385378376,1.217491833877699,226424.70833333334,202548.5,114767.88869120371,495216,57316,0.5068699857713496,297466.0,0,0,0,0,1,0,0,0,0,4,404459
misc,10,10,2023,9,3,-1.0,-1.8369701987210297e-16,-1.0,-1.8369701987210297e-16,32,0,0,1,0,0,1,404459.0,13.0,347878.0,12.0,329408.0,10.0,113632.0,6.0,72403.0,5.0,360581.6666666667,39104.99341942509,404459.0,329408.0,262298.0,114014.65610525692,404459.0,113632.0,209409.16666666666,128976.81225133124,404475.0,57316.0,56581.0,0.1626461000695647,72403.0,2.0087407385366145,1.1216848702790088,226424.70833333334,202548.5,114767.88869120371,495216,57316,0.5068699857713496,151268.75,0,0,0,0,1,0,0,0,0,4,209368
misc,4,4,2023,10,4,-0.8660254037844386,0.5000000000000001,-2.4492935982947064e-16,1.0,33,0,0,0,0,1,0,209368.0,10.0,404459.0,13.0,347878.0,12.0,198497.0,2.0,79690.0,3.0,320568.3333333333,100371.74896520081,404459.0,209368.0,278254.0,93988.45754878627,404459.0,179914.0,220822.91666666666,121599.65116760545,404475.0,57316.0,-195091.0,-0.48235049782549033,79690.0,1.891703382456528,0.6531150404749694,226424.70833333334,202548.5,114767.88869120371,495216,57316,0.5068699857713496,288335.75,0,0,0,0,1,0,0,0,0,4,424122
misc,8,8,2023,11,4,-0.5000000000000004,0.8660254037844384,-2.4492935982947064e-16,1.0,34,0,0,0,0,1,0,424122.0,4.0,209368.0,10.0,404459.0,13.0,179914.0,10.0,57316.0,5.0,345983.0,118719.84695492136,424122.0,209368.0,315858.1666666667,100599.20977108451,424122.0,179914.0,249525.58333333334,125834.35252777093,424122.0,57316.0,214754.0,1.0257250391654886,57316.0,4.322148324758439,1.2258463566128617,226424.70833333334,202548.5,114767.88869120371,495216,57316,0.5068699857713496,247137.5,0,0,0,0,1,0,0,0,0,4,246622
misc,9,9,2023,12,4,-2.4492935982947064e-16,1.0,-2.4492935982947064e-16,1.0,35,0,1,1,0,0,0,246622.0,8.0,424122.0,4.0,209368.0,10.0,329408.0,10.0,167400.0,7.0,293370.6666666667,114755.82122634693,424122.0,209368.0,326976.1666666667,85055.48284835414,424122.0,209368.0,265301.0833333333,110476.09247949474,424122.0,113632.0,-177500.0,-0.41851165466540285,167400.0,3.302847372461442,0.840649826385704,226424.70833333334,202548.5,114767.88869120371,495216,57316,0.5068699857713496,160317.0,0,0,0,0,1,0,0,0,0,4,203069
misc,8,7,2024,1,1,0.49999999999999994,0.8660254037844387,1.0,6.123233995736766e-17,36,1,0,0,0,0,0,203069.0,9.0,246622.0,8.0,424122.0,4.0,347878.0,12.0,404475.0,11.0,291271.0,117095.07719370598,424122.0,203069.0,305919.6666666667,98852.4059366623,424122.0,203069.0,268273.5,108055.88791874825,424122.0,113632.0,-43553.0,-0.176598194808249,404475.0,0.2130764635603346,0.6971823490838189,226424.70833333334,202548.5,114767.88869120371,495216,57316,0.5068699857713496,304400.25,0,0,0,0,1,0,0,0,0,4,119393
misc,8,8,2024,2,1,0.8660254037844386,0.5000000000000001,1.0,6.123233995736766e-17,37,0,0,0,0,0,0,119393.0,8.0,203069.0,9.0,246622.0,8.0,404459.0,13.0,157838.0,7.0,189694.66666666666,64660.337180788905,246622.0,119393.0,267838.8333333333,120987.42681356052,424122.0,119393.0,244516.66666666666,106719.14421877582,424122.0,113632.0,-83676.0,-0.4120569855566335,157838.0,-0.7048198281723221,0.6293956603945658,226424.70833333334,202548.5,114767.88869120371,495216,57316,0.5068699857713496,194766.0,0,0,0,0,1,0,0,0,0,4,117426
misc,18,17,2024,3,1,1.0,6.123233995736766e-17,1.0,6.123233995736766e-17,38,0,0,1,0,0,0,117426.0,8.0,119393.0,8.0,203069.0,9.0,209368.0,10.0,113632.0,6.0,146629.33333333334,48888.078836596935,203069.0,117426.0,220000.0,112620.96951989002,424122.0,117426.0,241149.0,110281.24596354869,424122.0,113632.0,-1967.0,-0.016475002722102672,113632.0,-0.2560346684575324,0.8008356672607025,226424.70833333334,202548.5,114767.88869120371,495216,57316,0.5068699857713496,234215.0,0,0,0,0,1,0,0,0,0,4,247521
misc,10,10,2024,4,2,0.8660254037844387,-0.4999999999999998,1.2246467991473532e-16,-1.0,39,0,0,0,1,0,0,247521.0,18.0,117426.0,8.0,119393.0,8.0,424122.0,4.0,198497.0,2.0,161446.66666666666,74549.04705181223,247521.0,117426.0,226358.83333333334,112977.14045490204,424122.0,117426.0,252306.41666666666,102721.00212752663,424122.0,117426.0,130095.0,1.1078892238516174,198497.0,1.1782684455083077,1.5331440723457777,226424.70833333334,202548.5,114767.88869120371,495216,57316,0.5068699857713496,214376.0,0,0,0,0,1,0,0,0,0,4,259013
misc,8,7,2024,5,2,0.49999999999999994,-0.8660254037844387,1.2246467991473532e-16,-1.0,40,0,0,0,1,0,0,259013.0,10.0,247521.0,18.0,117426.0,8.0,246622.0,8.0,179914.0,10.0,207986.66666666666,78638.04598496397,259013.0,117426.0,198840.66666666666,65163.94533380143,259013.0,117426.0,257349.41666666666,101314.98579314486,424122.0,117426.0,11492.0,0.04642838385429915,179914.0,0.3048711063643279,1.2453346368356346,226424.70833333334,202548.5,114767.88869120371,495216,57316,0.5068699857713496,162791.25,0,0,0,0,1,0,0,0,0,4,261572
misc,9,9,2024,6,2,1.2246467991473532e-16,-1.0,1.2246467991473532e-16,-1.0,41,0,0,1,1,0,0,261572.0,8.0,259013.0,10.0,247521.0,18.0,203069.0,9.0,329408.0,10.0,256035.33333333334,7483.817497327316,261572.0,247521.0,201332.33333333334,67596.76443045674,261572.0,117426.0,264154.25,98339.81307147077,424122.0,117426.0,2559.0,0.009879812982359848,329408.0,0.4538724057049479,1.0216246195186203,226424.70833333334,202548.5,114767.88869120371,495216,57316,0.5068699857713496,191231.25,0,0,0,0,1,0,0,0,0,4,165291
misc,8,8,2024,7,3,-0.4999999999999997,-0.8660254037844388,-1.0,-1.8369701987210297e-16,42,0,0,0,0,0,1,165291.0,9.0,261572.0,8.0,259013.0,10.0,119393.0,8.0,347878.0,12.0,228625.33333333334,54864.06341434533,261572.0,165291.0,195036.0,69144.3585898372,261572.0,117426.0,250477.83333333334,99840.44772520651,424122.0,117426.0,-96281.0,-0.3680860336733289,347878.0,-0.4982180153487469,0.7229776227772633,226424.70833333334,202548.5,114767.88869120371,495216,57316,0.5068699857713496,270791.75,0,0,0,0,1,0,0,0,0,4,253040
misc,14,14,2024,8,3,-0.8660254037844384,-0.5000000000000004,-1.0,-1.8369701987210297e-16,43,0,0,0,0,0,1,253040.0,8.0,165291.0,9.0,261572.0,8.0,117426.0,8.0,404459.0,13.0,226634.33333333334,53295.89256531225,261572.0,165291.0,217310.5,60943.23931249467,261572.0,117426.0,242574.66666666666,95069.12161573744,424122.0,117426.0,87749.0,0.5308758492597903,404459.0,-0.27261856167966936,1.1165122083590842,226424.70833333334,202548.5,114767.88869120371,495216,57316,0.5068699857713496,297466.0,0,0,0,0,1,0,0,0,0,4,318568
misc,5,5,2024,9,3,-1.0,-1.8369701987210297e-16,-1.0,-1.8369701987210297e-16,44,0,0,1,0,0,1,318568.0,14.0,253040.0,8.0,165291.0,9.0,247521.0,18.0,209368.0,10.0,245633.0,76906.48489561833,318568.0,165291.0,250834.16666666666,49200.696529283654,318568.0,165291.0,235417.08333333334,84408.7425862536,424122.0,117426.0,65528.0,0.258963009800822,209368.0,-0.21236021450876352,1.2969267158728144,226424.70833333334,202548.5,114767.88869120371,495216,57316,0.5068699857713496,151268.75,0,0,0,0,1,0,0,0,0,4,121276
misc,9,9,2024,10,4,-0.8660254037844386,0.5000000000000001,-2.4492935982947064e-16,1.0,45,0,0,0,0,1,0,121276.0,5.0,318568.0,14.0,253040.0,8.0,259013.0,10.0,424122.0,4.0,230961.33333333334,100482.00812749169,318568.0,121276.0,229793.33333333334,72417.65553693839,318568.0,121276.0,228076.08333333334,90491.65851307494,424122.0,117426.0,-197292.0,-0.619308907360438,424122.0,-0.4207519773795423,0.5250922232292623,226424.70833333334,202548.5,114767.88869120371,495216,57316,0.5068699857713496,288335.75,0,0,0,0,1,0,0,0,0,4,442034
misc,10,8,2024,11,4,-0.5000000000000004,0.8660254037844384,-2.4492935982947064e-16,1.0,46,0,0,0,0,1,0,442034.0,9.0,121276.0,5.0,318568.0,14.0,261572.0,8.0,246622.0,8.0,293959.3333333333,161788.7928669143,442034.0,121276.0,260296.83333333334,113869.32401734308,442034.0,121276.0,229568.75,94095.40365658385,442034.0,117426.0,320758.0,2.6448596589597284,246622.0,0.04223313103305171,1.5037250050459983,226424.70833333334,202548.5,114767.88869120371,495216,57316,0.5068699857713496,247137.5,0,0,0,0,1,0,0,0,0,4,442476
misc,12,10,2024,12,4,-2.4492935982947064e-16,1.0,-2.4492935982947064e-16,1.0,47,0,1,1,0,0,0,442476.0,10.0,442034.0,9.0,121276.0,5.0,165291.0,9.0,203069.0,9.0,335262.0,185317.44383084922,442476.0,121276.0,290447.5,136062.01620988865,442476.0,121276.0,245889.91666666666,112506.77267408338,442476.0,117426.0,442.0,0.0009999230828396932,203069.0,0.7941465076108376,1.319791685308764,226424.70833333334,202548.5,114767.88869120371,495216,57316,0.5068699857713496,160317.0,0,0,0,0,1,0,0,0,0,4,201240
others,3,3,2022,1,1,0.49999999999999994,0.8660254037844387,1.0,6.123233995736766e-17,12,1,0,0,0,0,0,237795.0,2.0,20754.0,2.0,203098.0,1.0,0.0,0.0,169863.0,3.0,153882.33333333334,116590.45974835733,237795.0,20754.0,96383.66666666667,101400.19227726676,237795.0,0.0,125666.25,109568.86317589997,301263.0,0.0,217041.0,10.457791269152935,169863.0,0.38260245020987504,1.5453040959866597,127744.54166666667,80499.5,134153.32529402708,468533,0,1.0501687472805907,164854.0,0,0,0,0,0,1,0,0,0,5,234853
others,1,1,2022,2,1,0.8660254037844386,0.5000000000000001,1.0,6.123233995736766e-17,13,0,0,0,0,0,0,234853.0,3.0,237795.0,2.0,20754.0,2.0,25780.0,2.0,0.0,0.0,164467.33333333334,124468.0901851287,237795.0,20754.0,135525.83333333334,102079.65984938758,237795.0,20754.0,131082.08333333334,113488.13002044696,301263.0,0.0,-2942.0,-0.01237200109337877,0.0,0.38260245020987504,1.4279613783486023,127744.54166666667,80499.5,134153.32529402708,468533,0,1.0501687472805907,83668.5,0,0,0,0,0,1,0,0,0,5,26057
others,3,3,2022,3,1,1.0,6.123233995736766e-17,1.0,6.123233995736766e-17,14,0,0,1,0,0,0,26057.0,1.0,234853.0,3.0,237795.0,2.0,90875.0,1.0,162219.0,2.0,166235.0,121406.6209232429,237795.0,26057.0,135572.0,102020.14460291655,237795.0,20754.0,133253.5,110973.49690353998,301263.0,0.0,-208796.0,-0.8890497460113348,162219.0,inf,0.15674797726109682,127744.54166666667,80499.5,134153.32529402708,468533,0,1.0501687472805907,230862.75,0,0,0,0,0,1,0,0,0,5,265245
others,1,1,2022,4,2,0.8660254037844387,-0.4999999999999998,1.2246467991473532e-16,-1.0,15,0,0,0,1,0,0,265245.0,3.0,26057.0,1.0,234853.0,3.0,203098.0,1.0,259023.0,3.0,175385.0,130211.58590540243,265245.0,26057.0,164633.66666666666,111166.84022435229,265245.0,20754.0,141839.0,117227.25145630601,301263.0,0.0,239188.0,9.179414360824346,259023.0,0.6351043959092337,1.512358525529463,127744.54166666667,80499.5,134153.32529402708,468533,0,1.0501687472805907,147372.25,0,0,0,0,0,1,0,0,0,5,15876
others,1,1,2022,5,2,0.49999999999999994,-0.8660254037844387,1.2246467991473532e-16,-1.0,16,0,0,0,1,0,0,15876.0,1.0,265245.0,3.0,26057.0,1.0,20754.0,2.0,37325.0,2.0,102392.66666666667,141126.0962555591,265245.0,15876.0,133430.0,123772.09491642292,265245.0,15876.0,121576.75,116139.56945935587,301263.0,0.0,-249369.0,-0.9401459028445399,37325.0,-0.9387081456086911,0.155050166353044,127744.54166666667,80499.5,134153.32529402708,468533,0,1.0501687472805907,196679.75,0,0,0,0,0,1,0,0,0,5,282082
others,0,0,2022,6,2,1.2246467991473532e-16,-1.0,1.2246467991473532e-16,-1.0,17,0,0,1,1,0,0,282082.0,1.0,15876.0,1.0,265245.0,3.0,237795.0,2.0,301263.0,2.0,187734.33333333334,149071.5807735778,282082.0,15876.0,176984.66666666666,122161.48296196586,282082.0,15876.0,141973.16666666666,121372.38254144919,301263.0,0.0,266206.0,16.76782564877803,301263.0,6.557454789015405,1.5025594679004814,127744.54166666667,80499.5,134153.32529402708,468533,0,1.0501687472805907,100470.75,0,0,0,0,0,1,0,0,0,5,0
others,1,1,2022,7,3,-0.4999999999999997,-0.8660254037844388,-1.0,-1.8369701987210297e-16,18,0,0,0,0,0,1,0.0,0.0,282082.0,1.0,15876.0,1.0,234853.0,3.0,0.0,0.0,99319.33333333333,158476.04263526187,282082.0,0.0,137352.16666666666,136248.59988626186,282082.0,0.0,116867.91666666667,116487.86663344216,282082.0,0.0,-282082.0,-1.0,0.0,-1.0,0.0,127744.54166666667,80499.5,134153.32529402708,468533,0,1.0501687472805907,83096.0,0,0,0,0,0,1,0,0,0,5,220104
others,2,2,2022,8,3,-0.8660254037844384,-0.5000000000000004,-1.0,-1.8369701987210297e-16,19,0,0,0,0,0,1,220104.0,1.0,0.0,0.0,282082.0,1.0,26057.0,1.0,25780.0,2.0,167395.33333333334,148243.77335096855,282082.0,0.0,134894.0,134256.1751086333,282082.0,0.0,135209.91666666666,113708.59293863123,282082.0,0.0,220104.0,inf,25780.0,inf,1.3148753649045581,127744.54166666667,80499.5,134153.32529402708,468533,0,1.0501687472805907,183676.75,0,0,0,0,0,1,0,0,0,5,220885
others,0,0,2022,9,3,-1.0,-1.8369701987210297e-16,-1.0,-1.8369701987210297e-16,20,0,0,1,0,0,1,220885.0,2.0,220104.0,1.0,0.0,0.0,265245.0,3.0,90875.0,1.0,146996.33333333334,127303.15785687852,220885.0,0.0,167365.33333333334,125973.2014004037,282082.0,0.0,151468.66666666666,110543.7942884944,282082.0,0.0,781.0,0.003548322611129251,90875.0,7.568076027928626,1.502656528847556,127744.54166666667,80499.5,134153.32529402708,468533,0,1.0501687472805907,51933.75,0,0,0,0,0,1,0,0,0,5,0
others,1,1,2022,10,4,-0.8660254037844386,0.5000000000000001,-2.4492935982947064e-16,1.0,21,0,0,0,0,1,0,0.0,0.0,220885.0,2.0,220104.0,1.0,15876.0,1.0,203098.0,1.0,146996.33333333334,127303.15785687852,220885.0,0.0,123157.83333333333,131187.76213720042,282082.0,0.0,143895.75,117937.6610187271,282082.0,0.0,-220885.0,-1.0,203098.0,-1.0,0.0,127744.54166666667,80499.5,134153.32529402708,468533,0,1.0501687472805907,193868.5,0,0,0,0,0,1,0,0,0,5,6311
others,1,1,2022,11,4,-0.5000000000000004,0.8660254037844384,-2.4492935982947064e-16,1.0,22,0,0,0,0,1,0,6311.0,1.0,0.0,0.0,220885.0,2.0,282082.0,1.0,20754.0,2.0,75732.0,125745.78417187589,220885.0,0.0,121563.66666666667,132800.36684085883,282082.0,0.0,127496.83333333333,122548.60785740441,282082.0,0.0,6311.0,inf,20754.0,-0.9689263311307842,0.08333333333332234,127744.54166666667,80499.5,134153.32529402708,468533,0,1.0501687472805907,9939.75,0,0,0,0,0,1,0,0,0,5,12305
others,0,0,2022,12,4,-2.4492935982947064e-16,1.0,-2.4492935982947064e-16,1.0,23,0,1,1,0,0,0,12305.0,1.0,6311.0,1.0,0.0,0.0,0.0,0.0,237795.0,2.0,6205.333333333333,6153.180505504315,12305.0,0.0,76600.83333333333,111553.6371283638,220885.0,0.0,126792.75,123239.95491584331,282082.0,0.0,5994.0,0.9497702424338457,237795.0,-0.40710224535029393,1.9829716372980508,127744.54166666667,80499.5,134153.32529402708,468533,0,1.0501687472805907,86511.75,0,0,0,0,0,1,0,0,0,5,0
others,1,1,2023,1,1,0.49999999999999994,0.8660254037844387,1.0,6.123233995736766e-17,24,1,0,0,0,0,0,0.0,0.0,12305.0,1.0,6311.0,1.0,220104.0,1.0,234853.0,3.0,6205.333333333333,6153.180505504315,12305.0,0.0,76600.83333333333,111553.6371283638,220885.0,0.0,106976.5,122886.36589179009,282082.0,0.0,-12305.0,-1.0,234853.0,-1.0,0.0,127744.54166666667,80499.5,134153.32529402708,468533,0,1.0501687472805907,164854.0,0,0,0,0,0,1,0,0,0,5,253292
others,0,0,2023,2,1,0.8660254037844386,0.5000000000000001,1.0,6.123233995736766e-17,25,0,0,0,0,0,0,253292.0,1.0,0.0,0.0,12305.0,1.0,220885.0,2.0,26057.0,1.0,88532.33333333333,142818.64050722975,253292.0,0.0,82132.16666666667,120552.15089481676,253292.0,0.0,108513.08333333333,124732.12802238415,282082.0,0.0,253292.0,inf,26057.0,0.07851294213827376,2.8610112313012355,127744.54166666667,80499.5,134153.32529402708,468533,0,1.0501687472805907,83668.5,0,0,0,0,0,1,0,0,0,5,0
others,1,1,2023,3,1,1.0,6.123233995736766e-17,1.0,6.123233995736766e-17,26,0,0,1,0,0,0,0.0,0.0,253292.0,1.0,0.0,0.0,0.0,0.0,265245.0,3.0,84430.66666666667,146238.20438357865,253292.0,0.0,45318.0,102005.63932057873,253292.0,0.0,106341.66666666667,126512.17848048777,282082.0,0.0,-253292.0,-1.0,265245.0,-1.0,0.0,127744.54166666667,80499.5,134153.32529402708,468533,0,1.0501687472805907,230862.75,0,0,0,0,0,1,0,0,0,5,27454
others,2,2,2023,4,2,0.8660254037844387,-0.4999999999999998,1.2246467991473532e-16,-1.0,27,0,0,0,1,0,0,27454.0,1.0,0.0,0.0,253292.0,1.0,6311.0,1.0,15876.0,1.0,93582.0,138992.42282944778,253292.0,0.0,49893.666666666664,100165.39650531347,253292.0,0.0,86525.75,117674.27783746195,282082.0,0.0,27454.0,inf,15876.0,-0.8964956926615016,0.2933683828086284,127744.54166666667,80499.5,134153.32529402708,468533,0,1.0501687472805907,147372.25,0,0,0,0,0,1,0,0,0,5,49345
others,1,1,2023,5,2,0.49999999999999994,-0.8660254037844387,1.2246467991473532e-16,-1.0,28,0,0,0,1,0,0,49345.0,2.0,27454.0,1.0,0.0,0.0,12305.0,1.0,282082.0,1.0,25599.666666666668,24724.707689542443,49345.0,0.0,57066.0,97936.43989241184,253292.0,0.0,89314.83333333333,116235.36681143087,282082.0,0.0,21891.0,0.7973701464267502,282082.0,2.1081506676744772,1.9275641609909264,127744.54166666667,80499.5,134153.32529402708,468533,0,1.0501687472805907,196679.75,0,0,0,0,0,1,0,0,0,5,5526
others,2,2,2023,6,2,1.2246467991473532e-16,-1.0,1.2246467991473532e-16,-1.0,29,0,0,1,1,0,0,5526.0,1.0,49345.0,2.0,27454.0,1.0,0.0,0.0,0.0,0.0,27441.666666666668,21909.50260351246,49345.0,5526.0,55936.166666666664,98592.99836482642,253292.0,0.0,66268.5,100952.3072639209,253292.0,0.0,-43819.0,-0.8880129699057655,0.0,-0.9804099517161676,0.2013726085635464,127744.54166666667,80499.5,134153.32529402708,468533,0,1.0501687472805907,100470.75,0,0,0,0,0,1,0,0,0,5,100620
others,2,2,2023,7,3,-0.4999999999999997,-0.8660254037844388,-1.0,-1.8369701987210297e-16,30,0,0,0,0,0,1,100620.0,2.0,5526.0,1.0,49345.0,2.0,253292.0,1.0,220104.0,1.0,51830.333333333336,47595.69172029462,100620.0,5526.0,72706.16666666667,95690.42737163768,253292.0,0.0,74653.5,99109.61081779381,253292.0,0.0,95094.0,17.208469055374593,220104.0,inf,1.9413342251316266,127744.54166666667,80499.5,134153.32529402708,468533,0,1.0501687472805907,83096.0,0,0,0,0,0,1,0,0,0,5,42156
others,4,4,2023,8,3,-0.8660254037844384,-0.5000000000000004,-1.0,-1.8369701987210297e-16,31,0,0,0,0,0,1,42156.0,2.0,100620.0,2.0,5526.0,1.0,0.0,0.0,220885.0,2.0,49434.0,47962.945822791036,100620.0,5526.0,37516.833333333336,36539.359197537415,100620.0,0.0,59824.5,88065.736389978,253292.0,0.0,-58464.0,-0.5810375670840787,220885.0,-0.8084723585214262,0.8527733948292971,127744.54166666667,80499.5,134153.32529402708,468533,0,1.0501687472805907,183676.75,0,0,0,0,0,1,0,0,0,5,332392
others,1,1,2023,9,3,-1.0,-1.8369701987210297e-16,-1.0,-1.8369701987210297e-16,32,0,0,1,0,0,1,332392.0,4.0,42156.0,2.0,100620.0,2.0,27454.0,1.0,0.0,0.0,158389.33333333334,153499.85612153952,332392.0,42156.0,92915.5,121495.18622192404,332392.0,5526.0,69116.75,109804.6694073576,332392.0,0.0,290236.0,6.884808805389506,0.0,0.5048192498358874,2.0985756616605853,127744.54166666667,80499.5,134153.32529402708,468533,0,1.0501687472805907,51933.75,0,0,0,0,0,1,0,0,0,5,116003
others,3,3,2023,10,4,-0.8660254037844386,0.5000000000000001,-2.4492935982947064e-16,1.0,33,0,0,0,0,1,0,116003.0,1.0,332392.0,4.0,42156.0,2.0,49345.0,2.0,6311.0,1.0,163517.0,150839.05021909942,332392.0,42156.0,107673.66666666667,117257.32825656002,332392.0,5526.0,78783.66666666667,108262.1077145087,332392.0,0.0,-216389.0,-0.6510054393607547,6311.0,inf,0.7094247081342789,127744.54166666667,80499.5,134153.32529402708,468533,0,1.0501687472805907,193868.5,0,0,0,0,0,1,0,0,0,5,319670
others,0,0,2023,11,4,-0.5000000000000004,0.8660254037844384,-2.4492935982947064e-16,1.0,34,0,0,0,0,1,0,319670.0,3.0,116003.0,1.0,332392.0,4.0,5526.0,1.0,12305.0,1.0,256021.66666666666,121426.44927005541,332392.0,116003.0,152727.83333333334,140076.65725368616,332392.0,5526.0,104896.91666666667,125596.2651083791,332392.0,0.0,203667.0,1.755704593846711,12305.0,49.652828394866106,1.248605261273411,127744.54166666667,80499.5,134153.32529402708,468533,0,1.0501687472805907,9939.75,0,0,0,0,0,1,0,0,0,5,0
others,5,5,2023,12,4,-2.4492935982947064e-16,1.0,-2.4492935982947064e-16,1.0,35,0,1,1,0,0,0,0.0,0.0,319670.0,3.0,116003.0,1.0,100620.0,2.0,0.0,0.0,145224.33333333334,161825.9619663462,319670.0,0.0,151806.83333333334,141251.31604968032,332392.0,0.0,103871.5,126468.14986858083,332392.0,0.0,-319670.0,-1.0,0.0,-1.0,0.0,127744.54166666667,80499.5,134153.32529402708,468533,0,1.0501687472805907,86511.75,0,0,0,0,0,1,0,0,0,5,102190
others,1,1,2024,1,1,0.49999999999999994,0.8660254037844387,1.0,6.123233995736766e-17,36,1,0,0,0,0,0,102190.0,5.0,0.0,0.0,319670.0,3.0,42156.0,2.0,253292.0,1.0,140620.0,163263.21049152498,319670.0,0.0,152068.5,141138.93782758893,332392.0,0.0,112387.33333333333,122206.76523627959,332392.0,0.0,102190.0,inf,253292.0,inf,0.7267102830322338,127744.54166666667,80499.5,134153.32529402708,468533,0,1.0501687472805907,164854.0,0,0,0,0,0,1,0,0,0,5,1408
others,6,6,2024,2,1,0.8660254037844386,0.5000000000000001,1.0,6.123233995736766e-17,37,0,0,0,0,0,0,1408.0,1.0,102190.0,5.0,0.0,0.0,332392.0,4.0,0.0,0.0,34532.666666666664,58597.19857922664,102190.0,0.0,145277.16666666666,148284.92452628716,332392.0,0.0,91397.0,117339.67258348732,332392.0,0.0,-100782.0,-0.986221743810549,0.0,-0.9944411983007754,0.040772987895507415,127744.54166666667,80499.5,134153.32529402708,468533,0,1.0501687472805907,83668.5,0,0,0,0,0,1,0,0,0,5,308617
others,3,3,2024,3,1,1.0,6.123233995736766e-17,1.0,6.123233995736766e-17,38,0,0,1,0,0,0,308617.0,6.0,1408.0,1.0,102190.0,5.0,116003.0,1.0,27454.0,1.0,137405.0,156602.72854902624,308617.0,1408.0,141314.66666666666,142489.17577930848,319670.0,0.0,117115.08333333333,128752.28698724917,332392.0,0.0,307209.0,218.18821022727272,27454.0,inf,2.246039081547087,127744.54166666667,80499.5,134153.32529402708,468533,0,1.0501687472805907,230862.75,0,0,0,0,0,1,0,0,0,5,468533
others,3,3,2024,4,2,0.8660254037844387,-0.4999999999999998,1.2246467991473532e-16,-1.0,39,0,0,0,1,0,0,468533.0,3.0,308617.0,6.0,1408.0,1.0,319670.0,3.0,49345.0,2.0,259519.33333333334,237401.29961803777,468533.0,1408.0,200069.66666666666,193511.79970292942,468533.0,0.0,153871.66666666666,159997.5996179791,468533.0,0.0,159916.0,0.5181697702978125,49345.0,16.06611058497851,1.8053876525576074,127744.54166666667,80499.5,134153.32529402708,468533,0,1.0501687472805907,147372.25,0,0,0,0,0,1,0,0,0,5,265245
others,4,4,2024,5,2,0.49999999999999994,-0.8660254037844387,1.2246467991473532e-16,-1.0,40,0,0,0,1,0,0,265245.0,3.0,468533.0,3.0,308617.0,6.0,0.0,0.0,5526.0,1.0,347465.0,107067.16613416091,468533.0,265245.0,190998.83333333334,187980.8433638031,468533.0,0.0,171863.33333333334,159312.54165623526,468533.0,0.0,-203288.0,-0.43388192507251355,5526.0,4.375316648089979,0.7633718504021768,127744.54166666667,80499.5,134153.32529402708,468533,0,1.0501687472805907,196679.75,0,0,0,0,0,1,0,0,0,5,461786
others,0,0,2024,6,2,1.2246467991473532e-16,-1.0,1.2246467991473532e-16,-1.0,41,0,0,1,1,0,0,461786.0,4.0,265245.0,3.0,468533.0,3.0,102190.0,5.0,100620.0,2.0,398521.3333333333,115469.97996160452,468533.0,265245.0,267963.1666666667,188673.30018994922,468533.0,1408.0,209885.0,170086.77565290016,468533.0,0.0,196541.0,0.7409790947991479,100620.0,82.56605139341296,1.1587485069807766,127744.54166666667,80499.5,134153.32529402708,468533,0,1.0501687472805907,100470.75,0,0,0,0,0,1,0,0,0,5,0
others,2,2,2024,7,3,-0.4999999999999997,-0.8660254037844388,-1.0,-1.8369701987210297e-16,42,0,0,0,0,0,1,0.0,0.0,461786.0,4.0,265245.0,3.0,1408.0,1.0,42156.0,2.0,242343.66666666666,231743.24316003983,461786.0,0.0,250931.5,210033.86436929647,468533.0,0.0,201500.0,178247.47813388807,468533.0,0.0,-461786.0,-1.0,42156.0,-1.0,0.0,127744.54166666667,80499.5,134153.32529402708,468533,0,1.0501687472805907,83096.0,0,0,0,0,0,1,0,0,0,5,70124
others,3,3,2024,8,3,-0.8660254037844384,-0.5000000000000004,-1.0,-1.8369701987210297e-16,43,0,0,0,0,0,1,70124.0,2.0,0.0,0.0,461786.0,4.0,308617.0,6.0,332392.0,4.0,177303.33333333334,248851.63163888105,461786.0,0.0,262384.1666666667,195045.38675438263,468533.0,0.0,203830.66666666666,176145.02212837595,468533.0,0.0,70124.0,inf,332392.0,0.6634405541322705,0.395502998627565,127744.54166666667,80499.5,134153.32529402708,468533,0,1.0501687472805907,183676.75,0,0,0,0,0,1,0,0,0,5,155650
others,1,1,2024,9,3,-1.0,-1.8369701987210297e-16,-1.0,-1.8369701987210297e-16,44,0,0,1,0,0,1,155650.0,3.0,70124.0,2.0,0.0,0.0,468533.0,3.0,116003.0,1.0,75258.0,77951.90242707371,155650.0,0.0,236889.66666666666,197771.79007398072,468533.0,0.0,189102.16666666666,171752.457357481,468533.0,0.0,85526.0,1.219639495750385,116003.0,-0.5317275987388385,2.0682186611387405,127744.54166666667,80499.5,134153.32529402708,468533,0,1.0501687472805907,51933.75,0,0,0,0,0,1,0,0,0,5,857
others,4,4,2024,10,4,-0.8660254037844386,0.5000000000000001,-2.4492935982947064e-16,1.0,45,0,0,0,0,1,0,857.0,1.0,155650.0,3.0,70124.0,2.0,265245.0,3.0,319670.0,3.0,75543.66666666667,77538.68584347656,155650.0,857.0,158943.66666666666,179537.0252094723,461786.0,0.0,179506.66666666666,179260.05584945998,468533.0,0.0,-154793.0,-0.9944940571795695,319670.0,-0.9926122600277579,0.011344432138585011,127744.54166666667,80499.5,134153.32529402708,468533,0,1.0501687472805907,193868.5,0,0,0,0,0,1,0,0,0,5,246395
others,1,1,2024,11,4,-0.5000000000000004,0.8660254037844384,-2.4492935982947064e-16,1.0,46,0,0,0,0,1,0,246395.0,4.0,857.0,1.0,155650.0,3.0,461786.0,4.0,0.0,0.0,134300.66666666666,124153.42478696811,246395.0,857.0,155802.0,177457.74647616834,461786.0,0.0,173400.41666666666,175254.80087080397,468533.0,0.0,245538.0,286.50875145857646,0.0,-0.2292207589076235,1.8346520990214616,127744.54166666667,80499.5,134153.32529402708,468533,0,1.0501687472805907,9939.75,0,0,0,0,0,1,0,0,0,5,6700
others,1,1,2024,12,4,-2.4492935982947064e-16,1.0,-2.4492935982947064e-16,1.0,47,0,1,1,0,0,0,6700.0,1.0,246395.0,4.0,857.0,1.0,0.0,0.0,102190.0,5.0,84650.66666666667,140105.1647382542,246395.0,857.0,79954.33333333333,101532.50300995585,246395.0,0.0,173958.75,174661.82418247554,468533.0,0.0,-239695.0,-0.9728078897704905,102190.0,inf,0.0791488155241842,127744.54166666667,80499.5,134153.32529402708,468533,0,1.0501687472805907,86511.75,0,0,0,0,0,1,0,0,0,5,6062
rent,20,17,2022,1,1,0.49999999999999994,0.8660254037844387,1.0,6.123233995736766e-17,12,1,0,0,0,0,0,939314.0,17.0,1048237.0,20.0,728630.0,18.0,996774.0,21.0,1457083.0,25.0,905393.6666666666,162481.0769669299,1048237.0,728630.0,959221.8333333334,209220.4963041777,1293478.0,728630.0,1042141.25,364371.2360913659,1963466.0,728630.0,-108923.0,-0.1039106614248495,1457083.0,0.017377526910531405,1.037464734493014,1109215.3958333333,1059924.5,369648.2445041064,2012163,526659,0.3332519958636105,946466.75,0,0,0,0,0,0,1,0,0,6,526659
rent,26,25,2022,2,1,0.8660254037844386,0.5000000000000001,1.0,6.123233995736766e-17,13,0,0,0,0,0,0,526659.0,20.0,939314.0,17.0,1048237.0,20.0,1293478.0,26.0,806037.0,21.0,838070.0,275133.90044303896,1048237.0,526659.0,880869.3333333334,271194.3341559081,1293478.0,526659.0,964605.9166666666,367031.6971435617,1963466.0,526659.0,-412655.0,-0.43931528753963,806037.0,-0.6385525052450685,0.6284188671590604,1109215.3958333333,1059924.5,369648.2445041064,2012163,526659,0.3332519958636105,1187899.75,0,0,0,0,0,0,1,0,0,6,1289083
rent,21,20,2022,3,1,1.0,6.123233995736766e-17,1.0,6.123233995736766e-17,14,0,0,1,0,0,0,1289083.0,26.0,526659.0,20.0,939314.0,17.0,748898.0,14.0,837409.0,27.0,918352.0,381644.00038124545,1289083.0,526659.0,880136.8333333334,269859.6305114315,1289083.0,526659.0,1004859.75,374473.1762317743,1963466.0,526659.0,762424.0,1.447661579883758,837409.0,0.5992851444784792,1.4036916128020476,1109215.3958333333,1059924.5,369648.2445041064,2012163,526659,0.3332519958636105,826221.75,0,0,0,0,0,0,1,0,0,6,644846
rent,19,18,2022,4,2,0.8660254037844387,-0.4999999999999998,1.2246467991473532e-16,-1.0,15,0,0,0,1,0,0,644846.0,21.0,1289083.0,26.0,526659.0,20.0,728630.0,18.0,1963466.0,27.0,820196.0,410345.3494545784,1289083.0,526659.0,862794.8333333334,283003.45439263864,1289083.0,526659.0,988812.8333333334,386242.017980209,1963466.0,526659.0,-644237.0,-0.499763785574707,1963466.0,-0.2299509558650552,0.7862096376963459,1109215.3958333333,1059924.5,369648.2445041064,2012163,526659,0.3332519958636105,1501417.5,0,0,0,0,0,0,1,0,0,6,1080347
rent,21,19,2022,5,2,0.49999999999999994,-0.8660254037844387,1.2246467991473532e-16,-1.0,16,0,0,0,1,0,0,1080347.0,19.0,644846.0,21.0,1289083.0,26.0,1048237.0,20.0,878302.0,24.0,1004758.6666666666,328702.79150675517,1289083.0,644846.0,921414.3333333334,286065.04296307574,1289083.0,526659.0,915219.5833333334,240160.92559609702,1293478.0,526659.0,435501.0,0.6753565967688409,878302.0,-0.4497755499713262,1.0752303372351995,1109215.3958333333,1059924.5,369648.2445041064,2012163,526659,0.3332519958636105,980255.75,0,0,0,0,0,0,1,0,0,6,1255763
rent,16,15,2022,6,2,1.2246467991473532e-16,-1.0,1.2246467991473532e-16,-1.0,17,0,0,1,1,0,0,1255763.0,21.0,1080347.0,19.0,644846.0,21.0,939314.0,17.0,808067.0,23.0,993652.0,314550.3337957218,1255763.0,644846.0,956002.0,315497.4630756953,1289083.0,526659.0,946674.6666666666,258875.85924191977,1293478.0,526659.0,175416.0,0.16237005332545928,808067.0,0.42976220024547374,1.2637855104201343,1109215.3958333333,1059924.5,369648.2445041064,2012163,526659,0.3332519958636105,1232844.25,0,0,0,0,0,0,1,0,0,6,1073436
rent,17,17,2022,7,3,-0.4999999999999997,-0.8660254037844388,-1.0,-1.8369701987210297e-16,18,0,0,0,0,0,1,1073436.0,16.0,1255763.0,21.0,1080347.0,19.0,526659.0,20.0,996774.0,21.0,1136515.3333333333,103329.30360906,1255763.0,1073436.0,978355.6666666666,318812.6040693286,1289083.0,526659.0,968788.75,257288.61997768687,1293478.0,526659.0,-182327.0,-0.14519220585413006,996774.0,0.32839974903071156,0.9444975958675941,1109215.3958333333,1059924.5,369648.2445041064,2012163,526659,0.3332519958636105,1113414.25,0,0,0,0,0,0,1,0,0,6,845746
rent,23,22,2022,8,3,-0.8660254037844384,-0.5000000000000004,-1.0,-1.8369701987210297e-16,19,0,0,0,0,0,1,845746.0,17.0,1073436.0,16.0,1255763.0,21.0,1289083.0,26.0,1293478.0,26.0,1058315.0,205426.30930092672,1255763.0,845746.0,1031536.8333333334,246898.12014465913,1289083.0,644846.0,956203.0833333334,259479.78196154404,1293478.0,526659.0,-227690.0,-0.21211325127907021,1293478.0,-0.15151679317478184,0.7991439221781719,1109215.3958333333,1059924.5,369648.2445041064,2012163,526659,0.3332519958636105,966465.75,0,0,0,0,0,0,1,0,0,6,903178
rent,20,19,2022,9,3,-1.0,-1.8369701987210297e-16,-1.0,-1.8369701987210297e-16,20,0,0,1,0,0,1,903178.0,23.0,845746.0,17.0,1073436.0,16.0,644846.0,21.0,748898.0,14.0,940786.6666666666,118412.38483086738,1073436.0,845746.0,967219.3333333334,214531.54823817045,1255763.0,644846.0,923678.0833333334,236833.2962357728,1289083.0,526659.0,57432.0,0.06790691295022389,748898.0,-0.30174459867117953,0.9600242350373345,1109215.3958333333,1059924.5,369648.2445041064,2012163,526659,0.3332519958636105,925843.25,0,0,0,0,0,0,1,0,0,6,641356
rent,30,27,2022,10,4,-0.8660254037844386,0.5000000000000001,-2.4492935982947064e-16,1.0,21,0,0,0,0,1,0,641356.0,20.0,903178.0,23.0,845746.0,17.0,1080347.0,19.0,728630.0,18.0,796760.0,137613.266322692,903178.0,641356.0,966637.6666666666,215582.57902591862,1255763.0,641356.0,914716.25,245909.0778006168,1289083.0,526659.0,-261822.0,-0.2898897005905813,728630.0,-0.14360033008500495,0.8049550680254932,1109215.3958333333,1059924.5,369648.2445041064,2012163,526659,0.3332519958636105,1373600.25,0,0,0,0,0,0,1,0,0,6,2012163
rent,23,20,2022,11,4,-0.5000000000000004,0.8660254037844384,-2.4492935982947064e-16,1.0,22,0,0,0,0,1,0,2012163.0,30.0,641356.0,20.0,903178.0,23.0,1255763.0,21.0,1048237.0,20.0,1185565.6666666667,727725.9467178104,2012163.0,641356.0,1121940.3333333333,483292.6944221966,2012163.0,641356.0,1021677.3333333334,392851.72040359,2012163.0,526659.0,1370807.0,2.1373574114844174,1048237.0,1.7615703443448663,1.6972176713394334,1109215.3958333333,1059924.5,369648.2445041064,2012163,526659,0.3332519958636105,989108.5,0,0,0,0,0,0,1,0,0,6,1056809
rent,25,21,2022,12,4,-2.4492935982947064e-16,1.0,-2.4492935982947064e-16,1.0,23,0,1,1,0,0,0,1056809.0,23.0,2012163.0,30.0,641356.0,20.0,1073436.0,16.0,939314.0,17.0,1236776.0,702900.4542814011,2012163.0,641356.0,1088781.3333333333,479081.54028126213,2012163.0,641356.0,1022391.6666666666,392912.1936732829,2012163.0,526659.0,-955354.0,-0.47478956724678867,939314.0,0.008177540002880956,0.8544869887513918,1109215.3958333333,1059924.5,369648.2445041064,2012163,526659,0.3332519958636105,1267047.0,0,0,0,0,0,0,1,0,0,6,1271497
rent,19,16,2023,1,1,0.49999999999999994,0.8660254037844387,1.0,6.123233995736766e-17,24,1,0,0,0,0,0,1271497.0,25.0,1056809.0,23.0,2012163.0,30.0,845746.0,17.0,526659.0,20.0,1446823.0,501228.2125299812,2012163.0,1056809.0,1121791.5,484604.39951810177,2012163.0,641356.0,1050073.5833333333,398193.1940403844,2012163.0,526659.0,214688.0,0.20314739938815807,526659.0,0.3536442552756587,0.8788200076996227,1109215.3958333333,1059924.5,369648.2445041064,2012163,526659,0.3332519958636105,946466.75,0,0,0,0,0,0,1,0,0,6,633249
rent,17,16,2023,2,1,0.8660254037844386,0.5000000000000001,1.0,6.123233995736766e-17,25,0,0,0,0,0,0,633249.0,19.0,1271497.0,25.0,1056809.0,23.0,903178.0,23.0,1289083.0,26.0,987185.0,324770.3086921586,1271497.0,633249.0,1086375.3333333333,515587.80963659973,2012163.0,633249.0,1058956.0833333333,386472.28986058396,2012163.0,633249.0,-638248.0,-0.5019657930769794,1289083.0,0.20238902211867638,0.6414694307551204,1109215.3958333333,1059924.5,369648.2445041064,2012163,526659,0.3332519958636105,1187899.75,0,0,0,0,0,0,1,0,0,6,1003158
rent,17,17,2023,3,1,1.0,6.123233995736766e-17,1.0,6.123233995736766e-17,26,0,0,1,0,0,0,1003158.0,17.0,633249.0,19.0,1271497.0,25.0,641356.0,20.0,644846.0,21.0,969301.3333333334,320468.14628654334,1271497.0,633249.0,1103038.6666666667,510068.97745095874,2012163.0,633249.0,1035129.0,379750.086319698,2012163.0,633249.0,369909.0,0.5841446255738265,644846.0,-0.2218049574775247,1.0349289385069,1109215.3958333333,1059924.5,369648.2445041064,2012163,526659,0.3332519958636105,826221.75,0,0,0,0,0,0,1,0,0,6,528417
rent,27,26,2023,4,2,0.8660254037844387,-0.4999999999999998,1.2246467991473532e-16,-1.0,27,0,0,0,1,0,0,528417.0,17.0,1003158.0,17.0,633249.0,19.0,2012163.0,30.0,1080347.0,19.0,721608.0,249399.7572793526,1003158.0,528417.0,1084215.5,532121.2482642466,2012163.0,528417.0,1025426.5833333334,391920.4461068964,2012163.0,528417.0,-474741.0,-0.4732464875921839,1080347.0,-0.18055318634216544,0.7322770811853425,1109215.3958333333,1059924.5,369648.2445041064,2012163,526659,0.3332519958636105,1501417.5,0,0,0,0,0,0,1,0,0,6,1855284
rent,19,17,2023,5,2,0.49999999999999994,-0.8660254037844387,1.2246467991473532e-16,-1.0,28,0,0,0,1,0,0,1855284.0,27.0,528417.0,17.0,1003158.0,17.0,1056809.0,23.0,1255763.0,21.0,1128953.0,672318.5966794314,1855284.0,528417.0,1058069.0,478565.2194704499,1855284.0,528417.0,1090004.6666666667,459764.87375304283,2012163.0,528417.0,1326867.0,2.5110225446948147,1255763.0,0.7173037922075036,1.6433669072140147,1109215.3958333333,1059924.5,369648.2445041064,2012163,526659,0.3332519958636105,980255.75,0,0,0,0,0,0,1,0,0,6,723918
rent,32,31,2023,6,2,1.2246467991473532e-16,-1.0,1.2246467991473532e-16,-1.0,29,0,0,1,1,0,0,723918.0,19.0,1855284.0,27.0,528417.0,17.0,1271497.0,25.0,1073436.0,16.0,1035873.0,716331.592519135,1855284.0,528417.0,1002587.1666666666,497656.3566668936,1855284.0,528417.0,1045684.25,467895.98309378047,2012163.0,528417.0,-1131366.0,-0.6098074472695285,1073436.0,-0.42352338777301135,0.6988482178799843,1109215.3958333333,1059924.5,369648.2445041064,2012163,526659,0.3332519958636105,1232844.25,0,0,0,0,0,0,1,0,0,6,1907309
rent,26,23,2023,7,3,-0.4999999999999997,-0.8660254037844388,-1.0,-1.8369701987210297e-16,30,0,0,0,0,0,1,1907309.0,32.0,723918.0,19.0,1855284.0,27.0,633249.0,19.0,845746.0,17.0,1495503.6666666667,668718.9102383252,1907309.0,723918.0,1108555.8333333333,619215.9871984626,1907309.0,528417.0,1115173.6666666667,530169.3436825519,2012163.0,528417.0,1183391.0,1.6347031017325167,845746.0,0.7768260054628315,1.2753623026890966,1109215.3958333333,1059924.5,369648.2445041064,2012163,526659,0.3332519958636105,1113414.25,0,0,0,0,0,0,1,0,0,6,1104906
rent,28,26,2023,8,3,-0.8660254037844384,-0.5000000000000004,-1.0,-1.8369701987210297e-16,31,0,0,0,0,0,1,1104906.0,26.0,1907309.0,32.0,723918.0,19.0,1003158.0,17.0,903178.0,23.0,1245377.6666666667,604071.8347782268,1907309.0,723918.0,1187165.3333333333,575180.3558083905,1907309.0,528417.0,1136770.3333333333,523432.0332772802,2012163.0,528417.0,-802403.0,-0.4206990057720065,903178.0,0.3064276981505085,0.8872055678959965,1109215.3958333333,1059924.5,369648.2445041064,2012163,526659,0.3332519958636105,966465.75,0,0,0,0,0,0,1,0,0,6,918873
rent,25,22,2023,9,3,-1.0,-1.8369701987210297e-16,-1.0,-1.8369701987210297e-16,32,0,0,1,0,0,1,918873.0,28.0,1104906.0,26.0,1907309.0,32.0,528417.0,17.0,641356.0,20.0,1310362.6666666667,525272.084668825,1907309.0,918873.0,1173117.8333333333,581566.8994031269,1907309.0,528417.0,1138078.25,522814.5308196823,2012163.0,528417.0,-186033.0,-0.16836997898463757,641356.0,0.017377526910531405,0.7012356375639464,1109215.3958333333,1059924.5,369648.2445041064,2012163,526659,0.3332519958636105,925843.25,0,0,0,0,0,0,1,0,0,6,1361297
rent,25,25,2023,10,4,-0.8660254037844386,0.5000000000000001,-2.4492935982947064e-16,1.0,33,0,0,0,0,1,0,1361297.0,25.0,918873.0,28.0,1104906.0,26.0,1855284.0,27.0,2012163.0,30.0,1128358.6666666667,222142.45344898253,1361297.0,918873.0,1311931.1666666667,488928.96776665526,1907309.0,723918.0,1198073.3333333333,501505.55751608085,2012163.0,528417.0,442424.0,0.48148547187696233,2012163.0,1.122529453220988,1.2064399735781304,1109215.3958333333,1059924.5,369648.2445041064,2012163,526659,0.3332519958636105,1373600.25,0,0,0,0,0,0,1,0,0,6,1242065
rent,17,16,2023,11,4,-0.5000000000000004,0.8660254037844384,-2.4492935982947064e-16,1.0,34,0,0,0,0,1,0,1242065.0,25.0,1361297.0,25.0,918873.0,28.0,723918.0,19.0,1056809.0,23.0,1174078.3333333333,228913.4969313373,1361297.0,918873.0,1209728.0,410422.64403904433,1907309.0,723918.0,1133898.5,432367.52432255837,1907309.0,528417.0,-119232.0,-0.08758705851845705,1056809.0,-0.3827214793234942,1.0579064145350803,1109215.3958333333,1059924.5,369648.2445041064,2012163,526659,0.3332519958636105,989108.5,0,0,0,0,0,0,1,0,0,6,931959
rent,30,27,2023,12,4,-2.4492935982947064e-16,1.0,-2.4492935982947064e-16,1.0,35,0,1,1,0,0,0,931959.0,17.0,1242065.0,25.0,1361297.0,25.0,1907309.0,32.0,1271497.0,25.0,1178440.3333333333,221627.73566801916,1361297.0,931959.0,1244401.5,367740.25761330535,1907309.0,918873.0,1123494.3333333333,435879.0749131592,1907309.0,528417.0,-310106.0,-0.2496697032763986,1271497.0,-0.11813866081761226,0.7908410579972728,1109215.3958333333,1059924.5,369648.2445041064,2012163,526659,0.3332519958636105,1267047.0,0,0,0,0,0,0,1,0,0,6,1377461
rent,24,22,2024,1,1,0.49999999999999994,0.8660254037844387,1.0,6.123233995736766e-17,36,1,0,0,0,0,0,1377461.0,30.0,931959.0,17.0,1242065.0,25.0,1104906.0,26.0,633249.0,19.0,1183828.3333333333,228389.22918853542,1377461.0,931959.0,1156093.5,203780.8357758402,1377461.0,918873.0,1132324.6666666667,440201.89876244345,1907309.0,528417.0,445502.0,0.4780274668735427,633249.0,0.0833379866409436,1.1635648186603533,1109215.3958333333,1059924.5,369648.2445041064,2012163,526659,0.3332519958636105,946466.75,0,0,0,0,0,0,1,0,0,6,1168876
rent,25,22,2024,2,1,0.8660254037844386,0.5000000000000001,1.0,6.123233995736766e-17,37,0,0,0,0,0,0,1168876.0,24.0,1377461.0,30.0,931959.0,17.0,918873.0,28.0,1003158.0,17.0,1159432.0,222901.09881514724,1377461.0,931959.0,1166755.1666666667,202234.69063483312,1377461.0,918873.0,1176960.25,411196.29063261586,1907309.0,528417.0,-208585.0,-0.15142715474340107,1003158.0,0.8458394723086811,1.008145367731777,1109215.3958333333,1059924.5,369648.2445041064,2012163,526659,0.3332519958636105,1187899.75,0,0,0,0,0,0,1,0,0,6,1653321
rent,24,22,2024,3,1,1.0,6.123233995736766e-17,1.0,6.123233995736766e-17,38,0,0,1,0,0,0,1653321.0,25.0,1168876.0,24.0,1377461.0,30.0,1361297.0,25.0,528417.0,17.0,1399886.0,242999.7941871557,1653321.0,1168876.0,1289163.1666666667,240787.36732346856,1653321.0,931959.0,1231140.5,428675.8291938093,1907309.0,528417.0,484445.0,0.4144537145086391,528417.0,0.6481162488860179,1.1810397418075387,1109215.3958333333,1059924.5,369648.2445041064,2012163,526659,0.3332519958636105,826221.75,0,0,0,0,0,0,1,0,0,6,1294215
rent,28,25,2024,4,2,0.8660254037844387,-0.4999999999999998,1.2246467991473532e-16,-1.0,39,0,0,0,1,0,0,1294215.0,24.0,1653321.0,25.0,1168876.0,24.0,1242065.0,25.0,1855284.0,27.0,1372137.3333333333,251447.1257149967,1653321.0,1168876.0,1277982.8333333333,238312.8252112482,1653321.0,931959.0,1294957.0,367136.3579870563,1907309.0,723918.0,-359106.0,-0.21720282994046525,1855284.0,1.4492304373250673,0.9432109808250417,1109215.3958333333,1059924.5,369648.2445041064,2012163,526659,0.3332519958636105,1501417.5,0,0,0,0,0,0,1,0,0,6,1106573
rent,26,21,2024,5,2,0.49999999999999994,-0.8660254037844387,1.2246467991473532e-16,-1.0,40,0,0,0,1,0,0,1106573.0,28.0,1294215.0,24.0,1653321.0,25.0,931959.0,17.0,723918.0,19.0,1351369.6666666667,277818.8903176553,1653321.0,1106573.0,1255400.8333333333,248594.67941564412,1653321.0,931959.0,1232564.4166666667,324385.89953422564,1907309.0,723918.0,-187642.0,-0.14498518406910754,723918.0,-0.4035560054417545,0.8188529218133935,1109215.3958333333,1059924.5,369648.2445041064,2012163,526659,0.3332519958636105,980255.75,0,0,0,0,0,0,1,0,0,6,1063040
rent,26,25,2024,6,2,1.2246467991473532e-16,-1.0,1.2246467991473532e-16,-1.0,41,0,0,1,1,0,0,1063040.0,26.0,1106573.0,28.0,1294215.0,24.0,1377461.0,30.0,1907309.0,32.0,1154609.3333333333,122845.78603408994,1294215.0,1063040.0,1277247.6666666667,218412.88380465773,1653321.0,1063040.0,1260824.5833333333,288872.73643358715,1907309.0,918873.0,-43533.0,-0.039340377905479396,1907309.0,0.46845360938669844,0.9206923669419996,1109215.3958333333,1059924.5,369648.2445041064,2012163,526659,0.3332519958636105,1232844.25,0,0,0,0,0,0,1,0,0,6,1142565
rent,28,23,2024,7,3,-0.4999999999999997,-0.8660254037844388,-1.0,-1.8369701987210297e-16,42,0,0,0,0,0,1,1142565.0,26.0,1063040.0,26.0,1106573.0,28.0,1168876.0,24.0,1104906.0,26.0,1104059.3333333333,39822.04535597586,1142565.0,1063040.0,1238098.3333333333,217908.98365112624,1653321.0,1063040.0,1197095.9166666667,205653.97880838483,1653321.0,918873.0,79525.0,0.07480903822998197,1104906.0,-0.4009544337073856,1.0348764468576173,1109215.3958333333,1059924.5,369648.2445041064,2012163,526659,0.3332519958636105,1113414.25,0,0,0,0,0,0,1,0,0,6,1506231
rent,20,19,2024,8,3,-0.8660254037844384,-0.5000000000000004,-1.0,-1.8369701987210297e-16,43,0,0,0,0,0,1,1506231.0,28.0,1142565.0,26.0,1063040.0,26.0,1653321.0,25.0,918873.0,28.0,1237278.6666666667,236289.17582135112,1506231.0,1063040.0,1294324.1666666667,238979.89675988854,1653321.0,1063040.0,1230539.6666666667,221333.3263820278,1653321.0,918873.0,363666.0,0.3182891126544223,918873.0,0.363220943682087,1.2173740973469633,1109215.3958333333,1059924.5,369648.2445041064,2012163,526659,0.3332519958636105,966465.75,0,0,0,0,0,0,1,0,0,6,750334
rent,20,19,2024,9,3,-1.0,-1.8369701987210297e-16,-1.0,-1.8369701987210297e-16,44,0,0,1,0,0,1,750334.0,20.0,1506231.0,28.0,1142565.0,26.0,1294215.0,24.0,1361297.0,25.0,1133043.3333333333,378038.44414865185,1506231.0,750334.0,1143826.3333333333,251676.7543240069,1506231.0,750334.0,1216494.75,246791.61434447058,1653321.0,750334.0,-755897.0,-0.5018466622981468,1361297.0,-0.18341925380330037,0.6622288644447197,1109215.3958333333,1059924.5,369648.2445041064,2012163,526659,0.3332519958636105,925843.25,0,0,0,0,0,0,1,0,0,6,951822
rent,29,27,2024,10,4,-0.8660254037844386,0.5000000000000001,-2.4492935982947064e-16,1.0,45,0,0,0,0,1,0,951822.0,20.0,750334.0,20.0,1506231.0,28.0,1106573.0,28.0,1242065.0,25.0,1069462.3333333333,391439.017820571,1506231.0,750334.0,1086760.8333333333,249566.03476868875,1506231.0,750334.0,1182371.8333333333,253175.93625843123,1653321.0,750334.0,201488.0,0.26853108082533916,1242065.0,-0.3007976951392679,0.8900004893424557,1109215.3958333333,1059924.5,369648.2445041064,2012163,526659,0.3332519958636105,1373600.25,0,0,0,0,0,0,1,0,0,6,1511543
rent,18,17,2024,11,4,-0.5000000000000004,0.8660254037844384,-2.4492935982947064e-16,1.0,46,0,0,0,0,1,0,1511543.0,29.0,951822.0,20.0,750334.0,20.0,1063040.0,26.0,931959.0,17.0,1071233.0,394403.37930981274,1511543.0,750334.0,1154255.8333333333,304673.57797184604,1511543.0,750334.0,1204828.3333333333,270322.610599508,1653321.0,750334.0,559721.0,0.5880521778231644,931959.0,0.2169596599211796,1.4110310268634236,1109215.3958333333,1059924.5,369648.2445041064,2012163,526659,0.3332519958636105,989108.5,0,0,0,0,0,0,1,0,0,6,919429
rent,23,21,2024,12,4,-2.4492935982947064e-16,1.0,-2.4492935982947064e-16,1.0,47,0,1,1,0,0,0,919429.0,18.0,1511543.0,29.0,951822.0,20.0,1142565.0,26.0,1377461.0,30.0,1127598.0,332900.358787731,1511543.0,919429.0,1130320.6666666667,318595.6389385556,1511543.0,750334.0,1203784.1666666667,271494.09415971825,1653321.0,750334.0,-592114.0,-0.39172818768635753,1377461.0,-0.013444797464266078,0.8153872213324179,1109215.3958333333,1059924.5,369648.2445041064,2012163,526659,0.3332519958636105,1267047.0,0,0,0,0,0,0,1,0,0,6,1479916
travel,29,26,2022,1,1,0.49999999999999994,0.8660254037844387,1.0,6.123233995736766e-17,12,1,0,0,0,0,0,1451787.0,43.0,1002860.0,31.0,1292924.0,34.0,481349.0,29.0,928076.0,28.0,1249190.3333333333,227636.41631411563,1451787.0,1002860.0,909762.1666666666,409039.3475505342,1451787.0,481349.0,961021.0,330338.4695691265,1451787.0,481349.0,448927.0,0.4476467303511955,928076.0,0.0758330929815596,1.162182384269695,1176381.8125,1166820.0,403349.2477218907,2235173,481349,0.34287273352578057,1292442.5,0,0,0,0,0,0,0,1,0,7,1106903
travel,33,29,2022,2,1,0.8660254037844386,0.5000000000000001,1.0,6.123233995736766e-17,13,0,0,0,0,0,0,1106903.0,29.0,1451787.0,43.0,1002860.0,31.0,736857.0,32.0,1145051.0,27.0,1187183.3333333333,234984.17345075257,1451787.0,1002860.0,1014021.1666666666,354026.2621701485,1451787.0,492796.0,975923.25,332742.0253109347,1451787.0,481349.0,-344884.0,-0.2375582644010451,1145051.0,0.19268572832397357,0.9323774760988818,1176381.8125,1166820.0,403349.2477218907,2235173,481349,0.34287273352578057,1000447.5,0,0,0,0,0,0,0,1,0,7,1175781
travel,40,36,2022,3,1,1.0,6.123233995736766e-17,1.0,6.123233995736766e-17,14,0,0,1,0,0,0,1175781.0,33.0,1106903.0,29.0,1451787.0,43.0,492796.0,19.0,1318893.0,39.0,1244823.6666666667,182514.1384368164,1451787.0,1106903.0,1087175.1666666667,329821.22237079695,1451787.0,492796.0,978484.0833333334,334276.70077550435,1451787.0,481349.0,68878.0,0.062225868029990083,1318893.0,0.02683723257741355,0.9445361873207668,1176381.8125,1166820.0,403349.2477218907,2235173,481349,0.34287273352578057,1401145.0,0,0,0,0,0,0,0,1,0,7,1410214
travel,27,26,2022,4,2,0.8660254037844387,-0.4999999999999998,1.2246467991473532e-16,-1.0,15,0,0,0,1,0,0,1410214.0,40.0,1175781.0,33.0,1106903.0,29.0,1292924.0,34.0,851231.0,31.0,1230966.0,159007.63770649527,1410214.0,1106903.0,1240078.1666666667,175898.67722688164,1451787.0,1002860.0,986094.1666666666,343639.28887896746,1451787.0,481349.0,234433.0,0.1993849194705477,851231.0,0.06924064347903891,1.1456157196868058,1176381.8125,1166820.0,403349.2477218907,2235173,481349,0.34287273352578057,1064962.25,0,0,0,0,0,0,0,1,0,7,946960
travel,48,38,2022,5,2,0.49999999999999994,-0.8660254037844387,1.2246467991473532e-16,-1.0,16,0,0,0,1,0,0,946960.0,27.0,1410214.0,40.0,1175781.0,33.0,1002860.0,31.0,624738.0,31.0,1177651.6666666667,231632.66538710252,1410214.0,946960.0,1182417.5,208748.07107971088,1451787.0,946960.0,994071.5833333334,341327.2634651806,1451787.0,481349.0,-463254.0,-0.32849907886320795,624738.0,0.1124594851456302,0.8041087418322553,1176381.8125,1166820.0,403349.2477218907,2235173,481349,0.34287273352578057,1614174.5,0,0,0,0,0,0,0,1,0,7,2235173
travel,24,23,2022,6,2,1.2246467991473532e-16,-1.0,1.2246467991473532e-16,-1.0,17,0,0,1,1,0,0,2235173.0,48.0,946960.0,27.0,1410214.0,40.0,1451787.0,43.0,1205690.0,36.0,1530782.3333333333,652514.9236564122,2235173.0,946960.0,1387803.0,456252.7394350636,2235173.0,946960.0,1128274.5,473799.6954221171,2235173.0,481349.0,1288213.0,1.3603668581566275,1205690.0,2.5777766039523766,1.4601507682237331,1176381.8125,1166820.0,403349.2477218907,2235173,481349,0.34287273352578057,1099889.25,0,0,0,0,0,0,0,1,0,7,1185762
travel,27,24,2022,7,3,-0.4999999999999997,-0.8660254037844388,-1.0,-1.8369701987210297e-16,18,0,0,0,0,0,1,1185762.0,24.0,2235173.0,48.0,946960.0,27.0,1106903.0,29.0,481349.0,29.0,1455965.0,685295.8698613324,2235173.0,946960.0,1343465.5,461684.85814405914,2235173.0,946960.0,1126613.8333333333,473538.53874590405,2235173.0,481349.0,-1049411.0,-0.46949878152608326,481349.0,-0.016528295001202675,0.8144165553430143,1176381.8125,1166820.0,403349.2477218907,2235173,481349,0.34287273352578057,752682.75,0,0,0,0,0,0,0,1,0,7,975106
travel,38,33,2022,8,3,-0.8660254037844384,-0.5000000000000004,-1.0,-1.8369701987210297e-16,19,0,0,0,0,0,1,975106.0,27.0,1185762.0,24.0,2235173.0,48.0,1175781.0,33.0,736857.0,32.0,1465347.0,674957.8063042164,2235173.0,975106.0,1321499.3333333333,478036.8963089216,2235173.0,946960.0,1167760.25,432003.55760574783,2235173.0,492796.0,-210656.0,-0.17765453775715534,736857.0,1.0257775543316803,0.6654437481361025,1176381.8125,1166820.0,403349.2477218907,2235173,481349,0.34287273352578057,891228.75,0,0,0,0,0,0,0,1,0,7,959402
travel,30,26,2022,9,3,-1.0,-1.8369701987210297e-16,-1.0,-1.8369701987210297e-16,20,0,0,1,0,0,1,959402.0,38.0,975106.0,27.0,1185762.0,24.0,1410214.0,40.0,492796.0,19.0,1040090.0,126399.77291118889,1185762.0,959402.0,1285436.1666666667,498933.60387146374,2235173.0,946960.0,1186305.6666666667,416315.67692128074,2235173.0,492796.0,-15704.0,-0.016104915773259565,492796.0,0.30201925203940516,0.9224220980876566,1176381.8125,1166820.0,403349.2477218907,2235173,481349,0.34287273352578057,1153808.5,0,0,0,0,0,0,0,1,0,7,1586469
travel,38,34,2022,10,4,-0.8660254037844386,0.5000000000000001,-2.4492935982947064e-16,1.0,21,0,0,0,0,1,0,1586469.0,30.0,959402.0,38.0,975106.0,27.0,946960.0,27.0,1292924.0,34.0,1173659.0,357590.16482420225,1586469.0,959402.0,1314812.0,512746.9798857913,2235173.0,946960.0,1277445.0833333333,367547.70719346654,2235173.0,946960.0,627067.0,0.6536019312029786,1292924.0,2.219321991249929,1.351729079741208,1176381.8125,1166820.0,403349.2477218907,2235173,481349,0.34287273352578057,1091271.5,0,0,0,0,0,0,0,1,0,7,965732
travel,43,37,2022,11,4,-0.5000000000000004,0.8660254037844384,-2.4492935982947064e-16,1.0,22,0,0,0,0,1,0,965732.0,38.0,1586469.0,30.0,959402.0,38.0,2235173.0,48.0,1002860.0,31.0,1170534.3333333333,360223.89208148513,1586469.0,959402.0,1317940.6666666667,510103.9792190085,2235173.0,959402.0,1250179.0833333333,378274.6380947574,2235173.0,946960.0,-620737.0,-0.3912695426131869,1002860.0,-0.2530635984791063,0.8250351762428656,1176381.8125,1166820.0,403349.2477218907,2235173,481349,0.34287273352578057,1363642.0,0,0,0,0,0,0,0,1,0,7,1846978
travel,41,33,2022,12,4,-2.4492935982947064e-16,1.0,-2.4492935982947064e-16,1.0,23,0,1,1,0,0,0,1846978.0,43.0,965732.0,38.0,1586469.0,30.0,1185762.0,24.0,1451787.0,43.0,1466393.0,452727.6360694144,1846978.0,965732.0,1253241.5,378015.82025611046,1846978.0,959402.0,1320522.25,405600.9015675216,2235173.0,946960.0,881246.0,0.9125161017756478,1451787.0,0.8417107073769021,1.2595382001959825,1176381.8125,1166820.0,403349.2477218907,2235173,481349,0.34287273352578057,1390887.25,0,0,0,0,0,0,0,1,0,7,1579293
travel,37,34,2023,1,1,0.49999999999999994,0.8660254037844387,1.0,6.123233995736766e-17,24,1,0,0,0,0,0,1579293.0,41.0,1846978.0,43.0,965732.0,38.0,975106.0,27.0,1106903.0,29.0,1464001.0,451793.99296250066,1846978.0,965732.0,1318830.0,397598.99183926516,1846978.0,959402.0,1331147.75,410986.62401771336,2235173.0,946960.0,-267685.0,-0.14493134190012014,1106903.0,0.08782693328980073,1.0787513123283312,1176381.8125,1166820.0,403349.2477218907,2235173,481349,0.34287273352578057,1292442.5,0,0,0,0,0,0,0,1,0,7,1548428
travel,34,30,2023,2,1,0.8660254037844386,0.5000000000000001,1.0,6.123233995736766e-17,25,0,0,0,0,0,0,1548428.0,37.0,1579293.0,41.0,1846978.0,43.0,959402.0,38.0,1175781.0,33.0,1658233.0,164184.86021859664,1846978.0,1548428.0,1414383.6666666667,366117.6930183336,1846978.0,959402.0,1367941.5,408844.2351762076,2235173.0,946960.0,-30865.0,-0.01954355524908935,1175781.0,0.3988831903066483,0.9337819232882174,1176381.8125,1166820.0,403349.2477218907,2235173,481349,0.34287273352578057,1000447.5,0,0,0,0,0,0,0,1,0,7,623964
travel,40,33,2023,3,1,1.0,6.123233995736766e-17,1.0,6.123233995736766e-17,26,0,0,1,0,0,0,623964.0,34.0,1548428.0,37.0,1579293.0,41.0,1586469.0,30.0,1410214.0,40.0,1250561.6666666667,542868.8966595281,1579293.0,623964.0,1358477.3333333333,462431.10827783495,1846978.0,623964.0,1321956.75,460226.36633412656,2235173.0,623964.0,-924464.0,-0.5970338950212732,1410214.0,-0.46931954164933776,0.49894700647841833,1176381.8125,1166820.0,403349.2477218907,2235173,481349,0.34287273352578057,1401145.0,0,0,0,0,0,0,0,1,0,7,1704565
travel,22,19,2023,4,2,0.8660254037844387,-0.4999999999999998,1.2246467991473532e-16,-1.0,27,0,0,0,1,0,0,1704565.0,40.0,623964.0,34.0,1548428.0,37.0,965732.0,38.0,946960.0,27.0,1292319.0,584053.5037229039,1704565.0,623964.0,1378160.0,476378.9832186135,1846978.0,623964.0,1346486.0,473024.2077683859,2235173.0,623964.0,1080601.0,1.731832285195941,946960.0,0.20872789519888468,1.3189970897278356,1176381.8125,1166820.0,403349.2477218907,2235173,481349,0.34287273352578057,1064962.25,0,0,0,0,0,0,0,1,0,7,616427
travel,50,45,2023,5,2,0.49999999999999994,-0.8660254037844387,1.2246467991473532e-16,-1.0,28,0,0,0,1,0,0,616427.0,22.0,1704565.0,40.0,623964.0,34.0,1846978.0,43.0,2235173.0,48.0,981652.0,626072.3646424591,1704565.0,616427.0,1319942.5,552175.5739852135,1846978.0,616427.0,1318941.5833333333,506820.0050416785,2235173.0,616427.0,-1088138.0,-0.6383669733920385,2235173.0,-0.34904642223536364,0.6279486009298547,1176381.8125,1166820.0,403349.2477218907,2235173,481349,0.34287273352578057,1614174.5,0,0,0,0,0,0,0,1,0,7,2046474
travel,36,33,2023,6,2,1.2246467991473532e-16,-1.0,1.2246467991473532e-16,-1.0,29,0,0,1,1,0,0,2046474.0,50.0,616427.0,22.0,1704565.0,40.0,1579293.0,41.0,1185762.0,24.0,1455822.0,746768.6493078029,2046474.0,616427.0,1353191.8333333333,594632.2923889743,2046474.0,616427.0,1303216.6666666667,477910.9678380261,2046474.0,616427.0,1430047.0,2.3198967598758653,1185762.0,-0.08442254805332738,1.405717182457736,1176381.8125,1166820.0,403349.2477218907,2235173,481349,0.34287273352578057,1099889.25,0,0,0,0,0,0,0,1,0,7,1275682
travel,21,19,2023,7,3,-0.4999999999999997,-0.8660254037844388,-1.0,-1.8369701987210297e-16,30,0,0,0,0,0,1,1275682.0,36.0,2046474.0,50.0,616427.0,22.0,1548428.0,37.0,975106.0,27.0,1312861.0,715748.0800414348,2046474.0,616427.0,1302590.0,584373.2675668866,2046474.0,616427.0,1310710.0,476605.0951156333,2046474.0,616427.0,-770792.0,-0.3766439251121685,975106.0,0.0758330929815596,0.9716809319493764,1176381.8125,1166820.0,403349.2477218907,2235173,481349,0.34287273352578057,752682.75,0,0,0,0,0,0,0,1,0,7,600327
travel,40,36,2023,8,3,-0.8660254037844384,-0.5000000000000004,-1.0,-1.8369701987210297e-16,31,0,0,0,0,0,1,600327.0,21.0,1275682.0,36.0,2046474.0,50.0,623964.0,34.0,959402.0,38.0,1307494.3333333333,723598.165293648,2046474.0,600327.0,1144573.1666666667,630932.9061728881,2046474.0,600327.0,1279478.4166666667,511591.59882707905,2046474.0,600327.0,-675355.0,-0.529407015227933,959402.0,-0.3843469325386163,0.45914309889934163,1176381.8125,1166820.0,403349.2477218907,2235173,481349,0.34287273352578057,891228.75,0,0,0,0,0,0,0,1,0,7,661597
travel,38,37,2023,9,3,-1.0,-1.8369701987210297e-16,-1.0,-1.8369701987210297e-16,32,0,0,1,0,0,1,661597.0,40.0,600327.0,21.0,1275682.0,36.0,1704565.0,40.0,1586469.0,30.0,845868.6666666666,373487.7901060937,1275682.0,600327.0,1150845.3333333333,624880.41946621,2046474.0,600327.0,1254661.3333333333,535207.9871795523,2046474.0,600327.0,61270.0,0.1020610433980147,1586469.0,-0.3104068992976875,0.7821509722155356,1176381.8125,1166820.0,403349.2477218907,2235173,481349,0.34287273352578057,1153808.5,0,0,0,0,0,0,0,1,0,7,1144040
travel,40,34,2023,10,4,-0.8660254037844386,0.5000000000000001,-2.4492935982947064e-16,1.0,33,0,0,0,0,1,0,1144040.0,38.0,661597.0,40.0,600327.0,21.0,616427.0,22.0,965732.0,38.0,801988.0,297805.60984138655,1144040.0,600327.0,1057424.5,564527.0274956725,2046474.0,600327.0,1217792.25,525422.1060692105,2046474.0,600327.0,482443.0,0.7292097757396119,965732.0,-0.278876549116308,1.426505134740153,1176381.8125,1166820.0,403349.2477218907,2235173,481349,0.34287273352578057,1091271.5,0,0,0,0,0,0,0,1,0,7,928274
travel,29,29,2023,11,4,-0.5000000000000004,0.8660254037844384,-2.4492935982947064e-16,1.0,34,0,0,0,0,1,0,928274.0,40.0,1144040.0,38.0,661597.0,40.0,2046474.0,50.0,1846978.0,43.0,911303.6666666666,241668.79447362147,1144040.0,661597.0,1109399.0,529045.7047567817,2046474.0,600327.0,1214670.75,527164.094455525,2046474.0,600327.0,-215766.0,-0.18860004894933746,1846978.0,-0.03878715834206592,1.0186220400005594,1176381.8125,1166820.0,403349.2477218907,2235173,481349,0.34287273352578057,1363642.0,0,0,0,0,0,0,0,1,0,7,1029628
travel,33,30,2023,12,4,-2.4492935982947064e-16,1.0,-2.4492935982947064e-16,1.0,35,0,1,1,0,0,0,1029628.0,29.0,928274.0,40.0,1144040.0,38.0,1275682.0,36.0,1579293.0,41.0,1033980.6666666666,107948.83496051958,1144040.0,928274.0,939924.6666666666,266597.5796856874,1275682.0,600327.0,1146558.25,489496.81179797935,2046474.0,600327.0,101354.0,0.10918543447301121,1579293.0,-0.44253369558273026,0.9957903790593022,1176381.8125,1166820.0,403349.2477218907,2235173,481349,0.34287273352578057,1390887.25,0,0,0,0,0,0,0,1,0,7,1162732
travel,26,25,2024,1,1,0.49999999999999994,0.8660254037844387,1.0,6.123233995736766e-17,36,1,0,0,0,0,0,1162732.0,33.0,1029628.0,29.0,928274.0,40.0,600327.0,21.0,1548428.0,37.0,1040211.3333333334,117586.74946325154,1162732.0,928274.0,921099.6666666666,240896.3198645144,1162732.0,600327.0,1111844.8333333333,470417.6468489238,2046474.0,600327.0,133104.0,0.12927387367087917,1548428.0,-0.2637642286770092,1.1177843989394354,1176381.8125,1166820.0,403349.2477218907,2235173,481349,0.34287273352578057,1292442.5,0,0,0,0,0,0,0,1,0,7,1586363
travel,34,31,2024,2,1,0.8660254037844386,0.5000000000000001,1.0,6.123233995736766e-17,37,0,0,0,0,0,0,1586363.0,26.0,1162732.0,33.0,1029628.0,29.0,661597.0,40.0,623964.0,34.0,1259574.3333333333,290727.1800164778,1586363.0,1029628.0,1085439.0,305872.81171624234,1586363.0,661597.0,1115006.0833333333,473734.0157242935,2046474.0,600327.0,423631.0,0.36434105193630173,623964.0,0.024499040317018217,1.2594437327107497,1176381.8125,1166820.0,403349.2477218907,2235173,481349,0.34287273352578057,1000447.5,0,0,0,0,0,0,0,1,0,7,1056994
travel,32,29,2024,3,1,1.0,6.123233995736766e-17,1.0,6.123233995736766e-17,38,0,0,1,0,0,0,1056994.0,34.0,1586363.0,26.0,1162732.0,33.0,1144040.0,38.0,1704565.0,40.0,1268696.3333333333,280141.41874120204,1586363.0,1056994.0,1151338.5,229303.94553757654,1586363.0,928274.0,1151091.9166666667,448763.9509096997,2046474.0,600327.0,-529369.0,-0.33369979002283845,1704565.0,0.6939983717009315,0.8331339598206913,1176381.8125,1166820.0,403349.2477218907,2235173,481349,0.34287273352578057,1401145.0,0,0,0,0,0,0,0,1,0,7,1170908
travel,36,32,2024,4,2,0.8660254037844387,-0.4999999999999998,1.2246467991473532e-16,-1.0,39,0,0,0,1,0,0,1170908.0,32.0,1056994.0,34.0,1586363.0,26.0,928274.0,40.0,616427.0,22.0,1271421.6666666667,278630.81744547485,1586363.0,1056994.0,1155816.5,229395.23949703027,1586363.0,928274.0,1106620.5,414027.62977377605,2046474.0,600327.0,113914.0,0.10777166190158138,616427.0,-0.31307518340456364,0.9209438777850968,1176381.8125,1166820.0,403349.2477218907,2235173,481349,0.34287273352578057,1064962.25,0,0,0,0,0,0,0,1,0,7,1845231
travel,45,41,2024,5,2,0.49999999999999994,-0.8660254037844387,1.2246467991473532e-16,-1.0,40,0,0,0,1,0,0,1845231.0,36.0,1170908.0,32.0,1056994.0,34.0,1029628.0,29.0,2046474.0,50.0,1357711.0,426029.2391949175,1845231.0,1056994.0,1308642.6666666667,330603.27273496037,1845231.0,1029628.0,1209020.8333333333,433278.571364855,2046474.0,600327.0,674323.0,0.5758975086001632,2046474.0,1.99342987896377,1.3590749430475162,1176381.8125,1166820.0,403349.2477218907,2235173,481349,0.34287273352578057,1614174.5,0,0,0,0,0,0,0,1,0,7,1550313
travel,28,23,2024,6,2,1.2246467991473532e-16,-1.0,1.2246467991473532e-16,-1.0,41,0,0,1,1,0,0,1550313.0,45.0,1845231.0,36.0,1170908.0,32.0,1162732.0,33.0,1275682.0,36.0,1522150.6666666667,338042.4749145195,1845231.0,1170908.0,1395423.5,310439.207352905,1845231.0,1056994.0,1167674.0833333333,364276.5453339633,1845231.0,600327.0,-294918.0,-0.15982714359340378,1275682.0,-0.24244676453255698,1.0185016726333638,1176381.8125,1166820.0,403349.2477218907,2235173,481349,0.34287273352578057,1099889.25,0,0,0,0,0,0,0,1,0,7,732423
travel,30,27,2024,7,3,-0.4999999999999997,-0.8660254037844388,-1.0,-1.8369701987210297e-16,42,0,0,0,0,0,1,732423.0,28.0,1550313.0,45.0,1845231.0,36.0,1586363.0,26.0,600327.0,21.0,1375989.0,576521.5121294262,1845231.0,732423.0,1323705.3333333333,409005.1010824518,1845231.0,732423.0,1122402.5,382914.0678195187,1845231.0,600327.0,-817890.0,-0.5275644337627305,600327.0,-0.42585769807836127,0.5322884121893378,1176381.8125,1166820.0,403349.2477218907,2235173,481349,0.34287273352578057,752682.75,0,0,0,0,0,0,0,1,0,7,953949
travel,32,30,2024,8,3,-0.8660254037844384,-0.5000000000000004,-1.0,-1.8369701987210297e-16,43,0,0,0,0,0,1,953949.0,30.0,732423.0,28.0,1550313.0,45.0,1056994.0,34.0,661597.0,40.0,1078895.0,423018.4868442515,1550313.0,732423.0,1218303.0,409267.30837094726,1845231.0,732423.0,1151871.0,351393.079655818,1845231.0,661597.0,221526.0,0.30245636742701953,661597.0,0.5890489683122697,0.8841907692592802,1176381.8125,1166820.0,403349.2477218907,2235173,481349,0.34287273352578057,891228.75,0,0,0,0,0,0,0,1,0,7,1207059
travel,43,39,2024,9,3,-1.0,-1.8369701987210297e-16,-1.0,-1.8369701987210297e-16,44,0,0,1,0,0,1,1207059.0,32.0,953949.0,30.0,732423.0,28.0,1170908.0,32.0,1144040.0,38.0,964477.0,237493.07824018828,1207059.0,732423.0,1243313.8333333333,401958.0156824425,1845231.0,732423.0,1197326.1666666667,315671.1630331428,1845231.0,732423.0,253110.0,0.2653286496447924,1144040.0,0.824462626039719,1.2515166250724357,1176381.8125,1166820.0,403349.2477218907,2235173,481349,0.34287273352578057,1153808.5,0,0,0,0,0,0,0,1,0,7,1391929
travel,43,39,2024,10,4,-0.8660254037844386,0.5000000000000001,-2.4492935982947064e-16,1.0,45,0,0,0,0,1,0,1391929.0,43.0,1207059.0,32.0,953949.0,30.0,1845231.0,36.0,928274.0,40.0,1184312.3333333333,219874.23276349035,1391929.0,953949.0,1280150.6666666667,404117.15657203505,1845231.0,732423.0,1217983.5833333333,319949.0322622307,1845231.0,732423.0,184870.0,0.15315738501597687,928274.0,0.21667861263592192,1.1753056696473834,1176381.8125,1166820.0,403349.2477218907,2235173,481349,0.34287273352578057,1091271.5,0,0,0,0,0,0,0,1,0,7,1178156
travel,40,33,2024,11,4,-0.5000000000000004,0.8660254037844384,-2.4492935982947064e-16,1.0,46,0,0,0,0,1,0,1178156.0,43.0,1391929.0,43.0,1207059.0,32.0,1550313.0,45.0,1029628.0,29.0,1259048.0,115982.17954927475,1391929.0,1178156.0,1168971.5,294440.3734148904,1550313.0,732423.0,1238807.0833333333,307259.4982026101,1845231.0,732423.0,-213773.0,-0.1535803909538489,1029628.0,0.26918991590844943,0.9357514566561328,1176381.8125,1166820.0,403349.2477218907,2235173,481349,0.34287273352578057,1363642.0,0,0,0,0,0,0,0,1,0,7,1575102
travel,32,31,2024,12,4,-2.4492935982947064e-16,1.0,-2.4492935982947064e-16,1.0,47,0,1,1,0,0,0,1575102.0,40.0,1178156.0,43.0,1391929.0,43.0,732423.0,28.0,1162732.0,33.0,1381729.0,198669.47860454107,1575102.0,1178156.0,1173103.0,300963.08582216536,1575102.0,732423.0,1284263.25,313779.83257058257,1845231.0,732423.0,396946.0,0.3369214263645901,1162732.0,0.5297777449719705,1.1399500191426746,1176381.8125,1166820.0,403349.2477218907,2235173,481349,0.34287273352578057,1390887.25,0,0,0,0,0,0,0,1,0,7,1369737
utilities,29,24,2022,1,1,0.49999999999999994,0.8660254037844387,1.0,6.123233995736766e-17,12,1,0,0,0,0,0,1440880.0,33.0,463803.0,16.0,1006196.0,37.0,734319.0,20.0,1042661.0,24.0,970293.0,489526.9502683177,1440880.0,463803.0,846281.5,343278.60346531944,1440880.0,463803.0,837839.4166666666,269830.82853267307,1440880.0,463803.0,977077.0,2.1066638206307418,1042661.0,0.15375615119758201,1.4849947387026239,929630.875,960950.0,292479.99645559513,1654770,408791,0.31461949502870373,974108.0,0,0,0,0,0,0,0,0,1,8,851257
utilities,24,23,2022,2,1,0.8660254037844386,0.5000000000000001,1.0,6.123233995736766e-17,13,0,0,0,0,0,0,851257.0,29.0,1440880.0,33.0,463803.0,16.0,622873.0,38.0,1030956.0,26.0,918646.6666666666,492012.08456940704,1440880.0,463803.0,865771.1666666666,338942.7885466317,1440880.0,463803.0,821889.0833333334,262171.1150504773,1440880.0,463803.0,-589623.0,-0.4092103436788629,1030956.0,-0.18357260893041938,0.9266424523030155,929630.875,960950.0,292479.99645559513,1654770,408791,0.31461949502870373,954252.25,0,0,0,0,0,0,0,0,1,8,1098728
utilities,30,26,2022,3,1,1.0,6.123233995736766e-17,1.0,6.123233995736766e-17,14,0,0,1,0,0,0,1098728.0,24.0,851257.0,29.0,1440880.0,33.0,809618.0,26.0,572307.0,24.0,1130288.3333333333,296075.76988388185,1440880.0,851257.0,945080.3333333334,326171.970856275,1440880.0,463803.0,827536.75,267754.7530698144,1440880.0,463803.0,247471.0,0.2907124405438075,572307.0,0.0657370440639562,0.9720776262104127,929630.875,960950.0,292479.99645559513,1654770,408791,0.31461949502870373,998112.75,0,0,0,0,0,0,0,0,1,8,1134639
utilities,35,32,2022,4,2,0.8660254037844387,-0.4999999999999998,1.2246467991473532e-16,-1.0,15,0,0,0,1,0,0,1134639.0,30.0,1098728.0,24.0,851257.0,29.0,1006196.0,37.0,959804.0,25.0,1028208.0,154292.3921682466,1134639.0,851257.0,999250.5,326164.61349370825,1440880.0,463803.0,874397.75,268232.73688826314,1440880.0,463803.0,35911.0,0.03268415840863259,959804.0,0.982570543432109,1.10351115727556,929630.875,960950.0,292479.99645559513,1654770,408791,0.31461949502870373,993452.5,0,0,0,0,0,0,0,0,1,8,1417431
utilities,26,22,2022,5,2,0.49999999999999994,-0.8660254037844387,1.2246467991473532e-16,-1.0,16,0,0,0,1,0,0,1417431.0,35.0,1134639.0,30.0,1098728.0,24.0,463803.0,16.0,693030.0,29.0,1216932.6666666667,174562.5567879132,1417431.0,1098728.0,1067789.6666666667,368390.4889877951,1440880.0,463803.0,912533.3333333334,310655.58581763343,1440880.0,463803.0,282792.0,0.2492352193076388,693030.0,0.4767921367279153,1.1647571298110617,929630.875,960950.0,292479.99645559513,1654770,408791,0.31461949502870373,759000.75,0,0,0,0,0,0,0,0,1,8,736373
utilities,31,29,2022,6,2,1.2246467991473532e-16,-1.0,1.2246467991473532e-16,-1.0,17,0,0,1,1,0,0,736373.0,26.0,1417431.0,35.0,1134639.0,30.0,1440880.0,33.0,677626.0,28.0,1096147.6666666667,342156.6701049877,1417431.0,736373.0,1113218.0,286779.5231532407,1440880.0,736373.0,916145.25,308113.028461996,1440880.0,463803.0,-681058.0,-0.480487586344591,677626.0,0.06254130412824832,0.6717826643186394,929630.875,960950.0,292479.99645559513,1654770,408791,0.31461949502870373,975391.5,0,0,0,0,0,0,0,0,1,8,1366871
utilities,29,26,2022,7,3,-0.4999999999999997,-0.8660254037844388,-1.0,-1.8369701987210297e-16,18,0,0,0,0,0,1,1366871.0,31.0,736373.0,26.0,1417431.0,35.0,851257.0,29.0,734319.0,20.0,1173558.3333333333,379456.6380514819,1417431.0,736373.0,1100883.1666666667,271026.5831924366,1417431.0,736373.0,973582.3333333334,323467.58555866394,1440880.0,463803.0,630498.0,0.8562209641037899,734319.0,1.0171466266052365,1.1647235260283795,929630.875,960950.0,292479.99645559513,1654770,408791,0.31461949502870373,782681.75,0,0,0,0,0,0,0,0,1,8,1323985
utilities,44,33,2022,8,3,-0.8660254037844384,-0.5000000000000004,-1.0,-1.8369701987210297e-16,19,0,0,0,0,0,1,1323985.0,29.0,1366871.0,31.0,736373.0,26.0,1098728.0,24.0,622873.0,38.0,1142409.6666666667,352291.26196562604,1366871.0,736373.0,1179671.1666666667,251989.26773687557,1417431.0,736373.0,1022721.1666666666,328564.87595321506,1440880.0,463803.0,-42886.0,-0.031375309008677466,622873.0,0.8030106806442432,1.158940648553092,929630.875,960950.0,292479.99645559513,1654770,408791,0.31461949502870373,689689.0,0,0,0,0,0,0,0,0,1,8,912930
utilities,29,27,2022,9,3,-1.0,-1.8369701987210297e-16,-1.0,-1.8369701987210297e-16,20,0,0,1,0,0,1,912930.0,44.0,1323985.0,29.0,1366871.0,31.0,1134639.0,30.0,809618.0,26.0,1201262.0,250621.84445295268,1366871.0,912930.0,1148704.8333333333,274349.60405906686,1417431.0,736373.0,1046892.5833333334,306396.66953134723,1440880.0,463803.0,-411055.0,-0.3104680188974951,809618.0,0.46567598852414527,0.7599757588269607,929630.875,960950.0,292479.99645559513,1654770,408791,0.31461949502870373,1052263.0,0,0,0,0,0,0,0,0,1,8,1126818
utilities,23,20,2022,10,4,-0.8660254037844386,0.5000000000000001,-2.4492935982947064e-16,1.0,21,0,0,0,0,1,0,1126818.0,29.0,912930.0,44.0,1323985.0,29.0,1417431.0,35.0,1006196.0,37.0,1121244.3333333333,205584.17394423467,1323985.0,912930.0,1147401.3333333333,274448.36212640576,1417431.0,736373.0,1073325.9166666667,297622.74795435515,1440880.0,463803.0,213888.0,0.23428740429167627,1006196.0,0.3917897082327715,1.0049709652936099,929630.875,960950.0,292479.99645559513,1654770,408791,0.31461949502870373,951146.0,0,0,0,0,0,0,0,0,1,8,769998
utilities,34,31,2022,11,4,-0.5000000000000004,0.8660254037844384,-2.4492935982947064e-16,1.0,22,0,0,0,0,1,0,769998.0,23.0,1126818.0,29.0,912930.0,44.0,736373.0,26.0,463803.0,16.0,936582.0,179581.98943101158,1126818.0,769998.0,1039495.8333333334,274322.8721484352,1366871.0,736373.0,1053642.75,310018.26571059425,1440880.0,463803.0,-356820.0,-0.31666160817452327,463803.0,-0.2347435290937352,0.8221362358020886,929630.875,960950.0,292479.99645559513,1654770,408791,0.31461949502870373,735205.0,0,0,0,0,0,0,0,0,1,8,1106130
utilities,32,30,2022,12,4,-2.4492935982947064e-16,1.0,-2.4492935982947064e-16,1.0,23,0,1,1,0,0,0,1106130.0,34.0,769998.0,23.0,1126818.0,29.0,1366871.0,31.0,1440880.0,33.0,1000982.0,200305.27833284868,1126818.0,769998.0,1101122.0,230666.4884589872,1366871.0,769998.0,1107170.0,248209.32489955125,1440880.0,736373.0,336132.0,0.4365361987953216,1440880.0,1.3849134222935167,1.105044845961255,929630.875,960950.0,292479.99645559513,1654770,408791,0.31461949502870373,1290268.0,0,0,0,0,0,0,0,0,1,8,1089072
utilities,20,20,2023,1,1,0.49999999999999994,0.8660254037844387,1.0,6.123233995736766e-17,24,1,0,0,0,0,0,1089072.0,32.0,1106130.0,34.0,769998.0,23.0,1323985.0,29.0,851257.0,29.0,988400.0,189333.8824510816,1106130.0,769998.0,1054822.1666666667,191152.1742428444,1323985.0,769998.0,1077852.6666666667,224891.42021240297,1417431.0,736373.0,-17058.0,-0.01542133383960298,851257.0,-0.2441619010604631,1.1018535006070305,929630.875,960950.0,292479.99645559513,1654770,408791,0.31461949502870373,974108.0,0,0,0,0,0,0,0,0,1,8,982143
utilities,26,24,2023,2,1,0.8660254037844386,0.5000000000000001,1.0,6.123233995736766e-17,25,0,0,0,0,0,0,982143.0,20.0,1089072.0,32.0,1106130.0,34.0,912930.0,44.0,1098728.0,24.0,1059115.0,67203.12811915827,1106130.0,982143.0,997848.5,138602.6023186436,1126818.0,769998.0,1088759.8333333333,215896.61003310815,1417431.0,736373.0,-106929.0,-0.09818359116752606,1098728.0,0.15375615119758201,0.9273242282471599,929630.875,960950.0,292479.99645559513,1654770,408791,0.31461949502870373,954252.25,0,0,0,0,0,0,0,0,1,8,779625
utilities,25,24,2023,3,1,1.0,6.123233995736766e-17,1.0,6.123233995736766e-17,26,0,0,1,0,0,0,779625.0,26.0,982143.0,20.0,1089072.0,32.0,1126818.0,29.0,1134639.0,30.0,950280.0,157164.88007503434,1089072.0,779625.0,975631.0,163402.5993183709,1126818.0,769998.0,1062167.9166666667,233492.1117824516,1417431.0,736373.0,-202518.0,-0.2062001154618014,1134639.0,-0.2904294784514456,0.8204160878898764,929630.875,960950.0,292479.99645559513,1654770,408791,0.31461949502870373,998112.75,0,0,0,0,0,0,0,0,1,8,630735
utilities,21,19,2023,4,2,0.8660254037844387,-0.4999999999999998,1.2246467991473532e-16,-1.0,27,0,0,0,1,0,0,630735.0,25.0,779625.0,26.0,982143.0,20.0,769998.0,23.0,1417431.0,35.0,797501.0,176384.69079826574,982143.0,630735.0,892950.5,194206.79632057174,1106130.0,630735.0,1020175.9166666666,262752.31956538936,1417431.0,630735.0,-148890.0,-0.19097643097643102,1417431.0,-0.4441095361608406,0.7908892904209425,929630.875,960950.0,292479.99645559513,1654770,408791,0.31461949502870373,993452.5,0,0,0,0,0,0,0,0,1,8,605916
utilities,19,18,2023,5,2,0.49999999999999994,-0.8660254037844387,1.2246467991473532e-16,-1.0,28,0,0,0,1,0,0,605916.0,21.0,630735.0,25.0,779625.0,26.0,1106130.0,34.0,736373.0,26.0,672092.0,93949.48247329374,779625.0,605916.0,865603.5,224216.74119721755,1106130.0,605916.0,952549.6666666666,255546.92806190965,1366871.0,605916.0,-24819.0,-0.03934933054293799,736373.0,-0.5725252234500304,0.9015372895377284,929630.875,960950.0,292479.99645559513,1654770,408791,0.31461949502870373,759000.75,0,0,0,0,0,0,0,0,1,8,471167
utilities,22,20,2023,6,2,1.2246467991473532e-16,-1.0,1.2246467991473532e-16,-1.0,29,0,0,1,1,0,0,471167.0,19.0,605916.0,21.0,630735.0,25.0,1089072.0,32.0,1366871.0,31.0,569272.6666666666,85863.47922331699,630735.0,471167.0,759776.3333333334,237443.27965530352,1089072.0,471167.0,930449.1666666666,285638.40654252283,1366871.0,471167.0,-134749.0,-0.22238891199440192,1366871.0,-0.3601517165892829,0.8276648916921916,929630.875,960950.0,292479.99645559513,1654770,408791,0.31461949502870373,975391.5,0,0,0,0,0,0,0,0,1,8,1045646
utilities,18,18,2023,7,3,-0.4999999999999997,-0.8660254037844388,-1.0,-1.8369701987210297e-16,30,0,0,0,0,0,1,1045646.0,22.0,471167.0,19.0,605916.0,21.0,982143.0,20.0,1323985.0,29.0,707576.3333333334,300429.10626357945,1045646.0,471167.0,752538.6666666666,225773.37424476488,1045646.0,471167.0,903680.4166666666,254360.12307087134,1323985.0,471167.0,574479.0,1.219268327365881,1323985.0,-0.23500754643269184,1.4777854356349565,929630.875,960950.0,292479.99645559513,1654770,408791,0.31461949502870373,782681.75,0,0,0,0,0,0,0,0,1,8,416339
utilities,21,21,2023,8,3,-0.8660254037844384,-0.5000000000000004,-1.0,-1.8369701987210297e-16,31,0,0,0,0,0,1,416339.0,18.0,1045646.0,22.0,471167.0,19.0,779625.0,26.0,912930.0,44.0,644384.0,348582.73319113173,1045646.0,416339.0,658238.0,228833.76244252067,1045646.0,416339.0,828043.25,252961.32225846307,1126818.0,416339.0,-629307.0,-0.6018356116697238,912930.0,-0.6855409993315634,0.6461038759497342,929630.875,960950.0,292479.99645559513,1654770,408791,0.31461949502870373,689689.0,0,0,0,0,0,0,0,0,1,8,497012
utilities,24,23,2023,9,3,-1.0,-1.8369701987210297e-16,-1.0,-1.8369701987210297e-16,32,0,0,1,0,0,1,497012.0,21.0,416339.0,18.0,1045646.0,22.0,630735.0,25.0,1126818.0,29.0,652999.0,342426.31789773365,1045646.0,416339.0,611135.8333333334,227934.9858388717,1045646.0,416339.0,793383.4166666666,268301.7324067196,1126818.0,416339.0,80673.0,0.1937675788239872,1126818.0,-0.4555858609093797,0.7611221456694304,929630.875,960950.0,292479.99645559513,1654770,408791,0.31461949502870373,1052263.0,0,0,0,0,0,0,0,0,1,8,1187004
utilities,28,24,2023,10,4,-0.8660254037844386,0.5000000000000001,-2.4492935982947064e-16,1.0,33,0,0,0,0,1,0,1187004.0,24.0,497012.0,21.0,416339.0,18.0,605916.0,21.0,769998.0,23.0,700118.3333333334,423580.30234694947,1187004.0,416339.0,703847.3333333334,328462.8665463825,1187004.0,416339.0,798398.9166666666,275565.64885454933,1187004.0,416339.0,689992.0,1.388280363451989,769998.0,0.05341235230534114,1.6954333910219697,929630.875,960950.0,292479.99645559513,1654770,408791,0.31461949502870373,951146.0,0,0,0,0,0,0,0,0,1,8,917145
utilities,22,22,2023,11,4,-0.5000000000000004,0.8660254037844384,-2.4492935982947064e-16,1.0,34,0,0,0,0,1,0,917145.0,28.0,1187004.0,24.0,497012.0,21.0,471167.0,19.0,1106130.0,34.0,867053.6666666666,347712.66337643395,1187004.0,497012.0,755718.8333333334,334425.0908597719,1187004.0,416339.0,810661.1666666666,277454.3962615817,1187004.0,416339.0,-269859.0,-0.2273446424780371,1106130.0,0.19110049636492565,1.0577718949345958,929630.875,960950.0,292479.99645559513,1654770,408791,0.31461949502870373,735205.0,0,0,0,0,0,0,0,0,1,8,408791
utilities,24,21,2023,12,4,-2.4492935982947064e-16,1.0,-2.4492935982947064e-16,1.0,35,0,1,1,0,0,0,408791.0,22.0,917145.0,28.0,1187004.0,24.0,1045646.0,22.0,1089072.0,32.0,837646.6666666666,395150.4233761281,1187004.0,408791.0,745322.8333333334,345815.3905698338,1187004.0,408791.0,752549.5833333334,282917.38081331295,1187004.0,408791.0,-508354.0,-0.5542787672614472,1089072.0,-0.6304313236238055,0.48802319195841737,929630.875,960950.0,292479.99645559513,1654770,408791,0.31461949502870373,1290268.0,0,0,0,0,0,0,0,0,1,8,1323249
utilities,34,30,2024,1,1,0.49999999999999994,0.8660254037844387,1.0,6.123233995736766e-17,36,1,0,0,0,0,0,1323249.0,24.0,408791.0,22.0,917145.0,28.0,416339.0,18.0,982143.0,20.0,883061.6666666666,458180.7652546463,1323249.0,408791.0,791590.0,407161.43412361643,1323249.0,408791.0,772064.3333333334,314548.05525080045,1323249.0,408791.0,914458.0,2.2369817339422835,982143.0,0.21502435100709594,1.4984785886980165,929630.875,960950.0,292479.99645559513,1654770,408791,0.31461949502870373,974108.0,0,0,0,0,0,0,0,0,1,8,1020371
utilities,21,20,2024,2,1,0.8660254037844386,0.5000000000000001,1.0,6.123233995736766e-17,37,0,0,0,0,0,0,1020371.0,34.0,1323249.0,24.0,408791.0,22.0,497012.0,21.0,779625.0,26.0,917470.3333333334,465832.33984056255,1323249.0,408791.0,892262.0,368678.85500635917,1323249.0,408791.0,775250.0,317052.7117832158,1323249.0,408791.0,-302878.0,-0.2288896496426599,779625.0,0.038923048883920064,1.112156941677666,929630.875,960950.0,292479.99645559513,1654770,408791,0.31461949502870373,954252.25,0,0,0,0,0,0,0,0,1,8,907700
utilities,38,35,2024,3,1,1.0,6.123233995736766e-17,1.0,6.123233995736766e-17,38,0,0,1,0,0,0,907700.0,21.0,1020371.0,34.0,1323249.0,24.0,1187004.0,24.0,630735.0,25.0,1083773.3333333333,214907.2701290803,1323249.0,907700.0,960710.0,314809.6211248951,1323249.0,408791.0,785922.9166666666,319360.66397113365,1323249.0,408791.0,-112671.0,-0.11042160155472858,630735.0,0.16427769761103095,0.8375367543028601,929630.875,960950.0,292479.99645559513,1654770,408791,0.31461949502870373,998112.75,0,0,0,0,0,0,0,0,1,8,1654770
utilities,26,26,2024,4,2,0.8660254037844387,-0.4999999999999998,1.2246467991473532e-16,-1.0,39,0,0,0,1,0,0,1654770.0,38.0,907700.0,21.0,1020371.0,34.0,917145.0,28.0,605916.0,21.0,1194280.3333333333,402755.18418802955,1654770.0,907700.0,1038671.0,421798.1251267009,1654770.0,408791.0,871259.1666666666,400605.02295467444,1654770.0,408791.0,747070.0,0.8230362454555469,605916.0,1.623558229684416,1.3855792093481007,929630.875,960950.0,292479.99645559513,1654770,408791,0.31461949502870373,993452.5,0,0,0,0,0,0,0,0,1,8,990659
utilities,27,23,2024,5,2,0.49999999999999994,-0.8660254037844387,1.2246467991473532e-16,-1.0,40,0,0,0,1,0,0,990659.0,26.0,1654770.0,38.0,907700.0,21.0,408791.0,22.0,471167.0,19.0,1184376.3333333333,409479.18158354965,1654770.0,907700.0,1050923.3333333333,418617.7629383,1654770.0,408791.0,903321.0833333334,392757.3799643325,1654770.0,408791.0,-664111.0,-0.40133130283966956,471167.0,0.6349774556209111,0.8364393749846896,929630.875,960950.0,292479.99645559513,1654770,408791,0.31461949502870373,759000.75,0,0,0,0,0,0,0,0,1,8,1135433
utilities,24,24,2024,6,2,1.2246467991473532e-16,-1.0,1.2246467991473532e-16,-1.0,41,0,0,1,1,0,0,1135433.0,27.0,990659.0,26.0,1654770.0,38.0,1323249.0,24.0,1045646.0,22.0,1260287.3333333333,349216.70706644846,1654770.0,990659.0,1172030.3333333333,276770.90699397353,1654770.0,907700.0,958676.5833333334,372606.2957837935,1654770.0,408791.0,144774.0,0.14613908519480456,1045646.0,1.40983133368848,0.9009318509905871,929630.875,960950.0,292479.99645559513,1654770,408791,0.31461949502870373,975391.5,0,0,0,0,0,0,0,0,1,8,811423
utilities,22,20,2024,7,3,-0.4999999999999997,-0.8660254037844388,-1.0,-1.8369701987210297e-16,42,0,0,0,0,0,1,811423.0,24.0,1135433.0,27.0,990659.0,26.0,1020371.0,34.0,416339.0,18.0,979171.6666666666,162310.16340738934,1135433.0,811423.0,1086726.0,298837.8365548781,1654770.0,811423.0,939158.0,373769.2780628666,1654770.0,408791.0,-324010.0,-0.28536250047338774,416339.0,-0.2239983703853885,0.8286830875757146,929630.875,960950.0,292479.99645559513,1654770,408791,0.31461949502870373,782681.75,0,0,0,0,0,0,0,0,1,8,656084
utilities,21,19,2024,8,3,-0.8660254037844384,-0.5000000000000004,-1.0,-1.8369701987210297e-16,43,0,0,0,0,0,1,656084.0,22.0,811423.0,24.0,1135433.0,27.0,907700.0,21.0,497012.0,21.0,867646.6666666666,244570.42231294716,1135433.0,656084.0,1026011.5,347980.54711765144,1654770.0,656084.0,959136.75,348860.4282981755,1654770.0,408791.0,-155339.0,-0.19144022291702356,497012.0,0.5758408412375493,0.7561649519389526,929630.875,960950.0,292479.99645559513,1654770,408791,0.31461949502870373,689689.0,0,0,0,0,0,0,0,0,1,8,725941
utilities,28,27,2024,9,3,-1.0,-1.8369701987210297e-16,-1.0,-1.8369701987210297e-16,44,0,0,1,0,0,1,725941.0,21.0,656084.0,22.0,811423.0,24.0,1654770.0,38.0,1187004.0,24.0,731149.3333333334,77800.36171081217,811423.0,656084.0,995718.3333333334,367693.0633338991,1654770.0,656084.0,978214.1666666666,326857.37535890983,1654770.0,408791.0,69857.0,0.1064756951853727,1187004.0,0.4606106089993802,0.9928765122309579,929630.875,960950.0,292479.99645559513,1654770,408791,0.31461949502870373,1052263.0,0,0,0,0,0,0,0,0,1,8,1085612
utilities,25,21,2024,10,4,-0.8660254037844386,0.5000000000000001,-2.4492935982947064e-16,1.0,45,0,0,0,0,1,0,1085612.0,28.0,725941.0,21.0,656084.0,22.0,990659.0,26.0,917145.0,28.0,822545.6666666666,230484.10338314722,1085612.0,656084.0,900858.6666666666,197854.78408637666,1135433.0,656084.0,969764.8333333334,322247.4469025978,1654770.0,408791.0,359671.0,0.49545486478928735,917145.0,-0.08541841476524092,1.3198197303736168,929630.875,960950.0,292479.99645559513,1654770,408791,0.31461949502870373,951146.0,0,0,0,0,0,0,0,0,1,8,1111245
utilities,21,19,2024,11,4,-0.5000000000000004,0.8660254037844384,-2.4492935982947064e-16,1.0,46,0,0,0,0,1,0,1111245.0,25.0,1085612.0,28.0,725941.0,21.0,1135433.0,27.0,408791.0,22.0,974266.0,215437.32706056326,1111245.0,725941.0,920956.3333333334,214246.30222402143,1135433.0,656084.0,985939.8333333334,324231.3722956141,1654770.0,408791.0,25633.0,0.023611566563376263,408791.0,0.21163501954434683,1.140597126452107,929630.875,960950.0,292479.99645559513,1654770,408791,0.31461949502870373,735205.0,0,0,0,0,0,0,0,0,1,8,962096
utilities,29,29,2024,12,4,-2.4492935982947064e-16,1.0,-2.4492935982947064e-16,1.0,47,0,1,1,0,0,0,962096.0,21.0,1111245.0,25.0,1085612.0,28.0,811423.0,24.0,1323249.0,24.0,1052984.3333333333,79748.22583815588,1111245.0,962096.0,892066.8333333334,189837.82681585546,1111245.0,656084.0,1032048.5833333334,269400.23642409116,1654770.0,656084.0,-149149.0,-0.1342179267398278,1323249.0,1.3535156106665753,0.913685008925417,929630.875,960950.0,292479.99645559513,1654770,408791,0.31461949502870373,1290268.0,0,0,0,0,0,0,0,0,1,8,1307871
